Agency,"Agency
Address",Contract description/name,Award contract date,"Contract Value ($)
(incl GST)",Supplier Name,Supplier Address,"Variation to Contract
(Yes/No)","Specific confidentiality provision used
(in contract)",Procurement method,Form of contract,Number of offers sought,Evaluation criteria and weightings,Deliverables,Contract milestones,Contract performance management,Contract reference number,Contract category group,Parent contract number/SOA,Commencement Date,Finish date,Supplier ABN
DoH_PD,33 Charlotte Street,e-Recruitment online system for the Intern and RMO recruitment campaigns,1/04/2019,995281.61,Acendre Pty Ltd,L4/600 VICTORIA ST RICHMOND  VIC 3121,No,No,,,,,,,,PD63038-1,General Goods & Services,,1/04/2019,31/03/2026,26079099282
DoH_PD,33 Charlotte Street,Service Agreement for Medical Officers for State-wide Medical Coordination and Pre-Hospital and Retrieval Medical Services ,10/09/2018,109340000.00,LifeFlight Retrieval Medicine,PO Box 15166  CITY EAST QLD 4002 ,No,No,Open,Service Provider Agreement,Not applicable,"Evaluation criteria based on:
- demonstrated experience;
- clinical capacity and capability;
- collaboration and innovation;
- service implementation, and
- sustainability and pricing.",Service model which integrates functionally with RSQ processes and is compliant with Queensland Health Clinical Standard for Retrieval Services in Queensland,,Managed through contract meetings and Key Performance Indicators,PD98319,Medical,HSQ82375,4/08/2019,31/07/2024,45010316462
DoH_PD,33 Charlotte Street,Provision of high quality emergency helicopter services,8/06/2020,10450000.00,CENTRAL QUEENSLAND HELICOPTER RESCUE SERVICE LTD,Mackay Airport Mike Jones Street MACKAY Qld 4740 ,Yes,Yes,Limited,Deed of Variation,,,,,,PD91544,,,1/07/2019,30/06/2024,73415515751
DoH_PD,33 Charlotte Street,Notifiable Conditions System (NoCs) Replacement ,29/03/2019,7225720.70,Sunquest Information Systems P/L,Level 6 Suite 2 410 Ann Street Brisbane Qld 4000 ,No,No,Open,,,,,,,PD99134,Information and Communication Technology,,29/03/2019,14/05/2025,32620052404
DoH_PD,33 Charlotte Street,Traditional Bases Interfacility Fixed Wing aero-medical services,1/07/2019,16963138.65,ROYAL FLYING DOCTOR SERVICE OF AUSTRALIA QUEENSLAND SECTION ,12 CASUARINA STREET  BRISBANE AIRPORT QLD 4007 ,No,,Limited,N/A,N/A,N/A,Provision of fixed wing pre-hospital and retrieval services.,N/A,Managed through contract meetings and Key Performance Indicators,PD80337,General Goods and Services,,1/07/2019,30/06/2020,45010316462
DoH_PD,33 Charlotte Street,Provision of Non Traditional MRT Hours per annum fixed wing aero-medical services ,1/07/2019,26055805.22,ROYAL FLYING DOCTOR SERVICE OF AUSTRALIA QUEENSLAND SECTION ,12 CASUARINA STREET  BRISBANE AIRPORT QLD 4007 ,No,,Limited,N/A,N/A,N/A,Provision of fixed wing pre-hospital and retrieval services.,N/A,Managed through contract meetings and Key Performance Indicators,PD80338,General Goods and Services,,1/07/2011,30/06/2022,45010316462
DoH_PD,33 Charlotte Street,Additional hours of fixed wing aero- medical services,1/07/2019,9979121.99,ROYAL FLYING DOCTOR SERVICE OF AUSTRALIA QUEENSLAND SECTION ,12 CASUARINA STREET  BRISBANE AIRPORT QLD 4007 ,No,,Limited,N/A,N/A,N/A,Provision of fixed wing pre-hospital and retrieval services.,N/A,Managed through contract meetings and Key Performance Indicators,PD80335,General Goods and Services,,24/09/2010,30/06/2022,45010316462
DoH_PD,33 Charlotte Street,Temporary Contractor,1/07/2019,149600.00,HUDSON GLOBAL RESOURCES (AUST) PTY LIMITED ,LVL 17 CENTRAL PLAZA 2 66 EAGLE STREET Brisbane QLD 4000 ,Yes,No,Select,,,,,,,PD82774-3,,PTD0007-14 ,1/07/2019,31/12/2020,
DoH_PD,33 Charlotte Street,ICT Products and Services - AMBFlight System ,23/11/2019,0.00,SPECTRUM DATA SYSTEMS INTERNATIONAL PTY. LTD.,"PO Box 7251, East Brisbane QLD  4169",Yes,No,Limited,,,,,,,PD83821,,,23/11/2019,23/11/2021,
DoH_PD,33 Charlotte Street,Secondment Agreement for the provision of RFDS Senior Midwifery Flight Nurse,18/02/2020,57810.00,ROYAL FLYING DOCTOR SERVICE OF AUSTRALIA QUEENSLAND SECTION ,12 CASUARINA STREET  BRISBANE AIRPORT QLD 4007 ,Yes,No,Limited,,,,,,,PD101726,,,1/07/2019,31/12/2020,
DoH_PD,33 Charlotte Street,Temporary Contractor,17/02/2020,25860.12,DAVIDSON RECRUITMENT PTY LTD ,GPO Box 2572  BRISBANE QLD 4000 ,No,No,Select,,,,,,,PD81940-16,,,17/02/2020,24/05/2020,
DoH_PD,33 Charlotte Street,COVID-19 Jet Standby Arrangement 20/02/20 for 14 days,20/02/2020,212761.75,Lifeflight Australia Limited,PO Box 15166  CITY EAST QLD 4002 ,No,Yes,Limited,,,,,,,,,,20/02/2020,4/03/2020,45010316462
DoH_PD,33 Charlotte Street,COVID-19 response - catering needs,21/02/2020,236500.00,COVE CATERING SERVICES PTY LIMITED,16 Cycas Court CORNUBIA  QLD  4130,No,,Open,,,,,,,PD104795,,,24/02/2020,28/06/2020,
DoH_PD,33 Charlotte Street,Secondment Agreement for the provision of Rotary Wing Aviation Tasking Advisor,14/04/2020,27836.36,Lifeflight Australia Limited,PO Box 15166  CITY EAST QLD 4002 ,No,Yes,Limited,,,,,,,PD99086-1,,,24/03/2020,25/09/2020,45010316462
DoH_PD,33 Charlotte Street,POTENTIAL RETRIEVAL FOR COVID-19,23/03/2020,119090.77,ASPEN MEDICAL PTY LTD,PO Box 231  Deakin West ACT 2600 ,No,Yes,Limited,,,,,,,,,,2/04/2020,30/09/2020,32105250413
DoH_PD,33 Charlotte Street,Standby Jet for COVID-19 ,23/03/2020,1593605.54,ASPEN MEDICAL PTY LTD,PO Box 231  Deakin West ACT 2600 ,No,Yes,Limited,,,,,,,,,,2/04/2020,30/09/2020,32105250413
DoH_PD,33 Charlotte Street,POTENTIAL RETRIEVAL FOR COVID-19,31/03/2020,368757.48,Lifeflight Australia Limited,PO Box 15166  CITY EAST QLD 4002 ,No,Yes,Limited,,,,,,,,,,2/04/2020,30/06/2020,45010316462
DoH_PD,33 Charlotte Street,Standby Jet for COVID-19 ,31/03/2020,2726114.38,Lifeflight Australia Limited,PO Box 15166  CITY EAST QLD 4002 ,No,Yes,Limited,,,,,,,,,,2/04/2020,30/06/2020,45010316462
DoH_PD,33 Charlotte Street,Provision of Wellbeing at Work training to medical interns in Qld,16/12/2019,507941.50,THE QUEENSLAND BRANCH OF AUSTRALIAN MEDICAL ASSOCIATION LIMITED,PO Box 123  Red Hill QLD 4059 ,Yes,No,Limited,,,,,,,PD90842,,,16/12/2019,31/12/2021,
DoH_PD,33 Charlotte Street,Integration of the National Data Exchange (NDE) component of the National Real Time Prescription Monitoring (RTPM) system to the jurisdiction,24/10/2019,1923952.80,FRED IT & COMMONWEATLH DEPARTMENT OF HEALTH,20 Trenerry Crst ABBOTSFORD VIC 3067,No,No,Limited,,,,,,,PD102753,,,24/10/2019,13/09/2021,68109546901
DoH_PD,33 Charlotte Street,Temporary Contractor ,23/03/2020,38427.14,RANDSTAD PTY LIMITED,GPO Box 4640 SYDNEY 2000 ,No,No,Select,,,,,,,PD77110-25,,PTD0007-14,23/03/2020,30/06/2020,
DoH_PD,33 Charlotte Street,Temporary Contractor ,9/03/2020,54520.05,HUDSON GLOBAL RESOURCES (AUST) PTY LIMITED ,LVL 17 CENTRAL PLAZA 2 66 EAGLE STREET Brisbane QLD 4000 ,No,No,Select,,,,,,,PD82774-37,,PTD0007-14,9/03/2020,30/06/2020,
DoH_PD,33 Charlotte Street,Temporary Contractor ,23/03/2020,64460.00,Solute Pty Ltd,L 8 MAtisse Tower 110 Mary St Brisbane QLD  4000 ,No,No,Select,,,,,,,PD104704,,PTD0007-14,23/03/2020,30/06/2020,
DoH_PD,33 Charlotte Street,Temporary Contractor ,17/03/2020,60390.00,HUDSON GLOBAL RESOURCES (AUST) PTY LIMITED ,LVL 17 CENTRAL PLAZA 2 66 EAGLE STREET Brisbane QLD 4000 ,No,No,Select,,,,,,,PD82774-40,,PTD0007-14,17/03/2020,25/09/2020,
DoH_PD,33 Charlotte Street,Temporary Contractor ,30/03/2020,41393.00,HUDSON GLOBAL RESOURCES (AUST) PTY LIMITED ,LVL 17 CENTRAL PLAZA 2 66 EAGLE STREET Brisbane QLD 4000 ,Yes,No,Select,,,,,,,PD82774-42,,PTD0007-14,30/03/2020,30/06/2020,
DoH_PD,33 Charlotte Street,Temporary Contractor,1/07/2019,99349.80,HUDSON GLOBAL RESOURCES (AUST) PTY LIMITED ,LVL 17 CENTRAL PLAZA 2 66 EAGLE STREET Brisbane QLD 4000 ,Yes,No,Select,,,,,,,PD82774-15,,PTD0007-14,1/07/2019,30/06/2020,
DoH_PD,33 Charlotte Street,Development of Communicatons and Engagement Recommendations report for Qscript,9/06/2020,51700.00,TSA MANAGEMENT ,L16/207 Kent Street SYDNEY NSW 2000,No,No,Select,,,,,,,4300660944,,QGP-0050-18,9/06/2020,30/06/2020,71099000272
DoH_PD,33 Charlotte Street,Supply of Injecting Equipment for Qld Needle and Syringe Program,1/07/2019,1048852.02,Asp Healthcare Pty Ltd,17 HARRIS ST ST MARYS  NSW  2760,No,No,Open,,,,,,,PD111156,Medical,QNSP15,1/07/2019,30/06/2020,45108259329
DoH_PD,33 Charlotte Street,Supply of Injecting Equipment for Qld Needle and Syringe Program,1/07/2019,1502386.05,Asp Healthcare Pty Ltd,17 HARRIS ST ST MARYS  NSW  2760,No,No,Open,,,,,,,PD111156,Medical,QNSP15,1/07/2019,30/06/2020,45108259329
DoH_PD,33 Charlotte Street,Supply of Injecting Equipment for Qld Needle and Syringe Program,1/07/2019,314851.40,Clifford Hallam Healthcare P/L,U 2 & 3 14 LUKE ST  LYTTON  QLD  4178,No,No,Open,,,,,,,PD111703/PD111704,Medical,QNSP15,1/07/2019,30/06/2020,45108259329
DoH_PD,33 Charlotte Street,Supply of Injecting Equipment for Qld Needle and Syringe Program,1/07/2019,719828.42,Terumo Australia Pty Ltd,L 4  BLDG A  5 TALAVERA RD MACQUARIE PARK  NSW  2113,No,No,Open,,,,,,,4300722101,Medical,QNSP15,1/07/2019,30/06/2020,34158693595
DoH_PD,33 Charlotte Street,ICT Contingency Labour,1/07/2019,152622.25,Allegis Global Solutions,L19/99 Walker Street North Sydney NSW 2060,Yes,No,Select,,,,,,,PD74441-59,,,1/07/2019,30/06/2020,
DoH_PD,33 Charlotte Street,HIV Point of Care tests ,1/07/2019,121000.00,INVERNESS MEDICAL INNOVATIONS AUSTRALIA PTY LIMITED,"PO BOX 7063, East Brisbane QLD 4169",No,No,Limited,,,,,,,PD104249,,,1/07/2019,30/06/2020,
DoH_PD,33 Charlotte Street,State Wide Arborvirus Response and Mosquito Management System (SWARMMS) ,1/09/2019,1940842.00,RAPID MAP GLOBAL PTY LTD,Suite 22 2 Enterprise Drive Bundoora VIC 3083 ,No,No,Open,,,,,,,PD101939,,,1/09/2019,31/08/2023,
DoH_PD,33 Charlotte Street,ICT Contingency Labour,1/10/2019,161372.15,Allegis Global Solutions,L19/99 Walker Street North Sydney NSW 2060,Yes,No,Select,,,,,,,PD74441-48-1,,,1/10/2019,30/06/2020,
DoH_PD,33 Charlotte Street,ICT Contingency Labour,1/10/2019,302913.51,Allegis Global Solutions,L19/99 Walker Street North Sydney NSW 2060,Yes,No,Select,,,,,,,PD74441-57,,,1/10/2019,30/09/2020,
DoH_PD,33 Charlotte Street,Temporary Contractor,8/10/2019,167212.76,RANDSTAD PTY LIMITED,GPO Box 4640 SYDNEY 2000 ,No,No,Select,,,,,,,PD77110-21,,,8/10/2019,29/07/2020,
DoH_PD,33 Charlotte Street,ICT Contingency Labour,11/11/2019,285218.08,Allegis Global Solutions,L19/99 Walker Street North Sydney NSW 2060,No,No,Select,,,,,,,PD74441-65,,,11/11/2019,24/12/2020,
DoH_PD,33 Charlotte Street,ICT Contingency Labour,2/12/2019,187890.37,Allegis Global Solutions,L19/99 Walker Street North Sydney NSW 2060,No,No,Select,,,,,,,PD74441-64,,,2/12/2019,30/09/2020,
DoH_PD,33 Charlotte Street,ICT Contingency Labour,9/12/2019,190740.00,Allegis Global Solutions,L19/99 Walker Street North Sydney NSW 2060,No,No,Select,,,,,,,PD74441-67,,,9/12/2019,30/09/2020,
DoH_PD,33 Charlotte Street,ICT Contingency Labour,10/02/2020,87951.60,Allegis Global Solutions,L19/99 Walker Street North Sydney NSW 2060,No,No,Select,,,,,,,PD74441-70,,,10/02/2020,30/06/2020,
DoH_PD,33 Charlotte Street,Temporary Contractor,17/02/2020,102850.00,DAVIDSON RECRUITMENT PTY LTD ,Level 8 344 Queen Street  Brisbane  QLD 4000 ,No,No,Select,,,,,,,PD81940-15,,,17/02/2020,30/06/2020,
DoH_PD,33 Charlotte Street,Student and University Research Agreement Master of Philosophy in Applied Epidemiology,17/02/2020,126500.00,THE AUSTRALIAN NATIONAL UNIVERSITY,"Building 62, Mills Road, Canberra  ACT  2601",No,No,,,,,,,,PD103616,,,17/02/2020,16/02/2021,
DoH_PD,33 Charlotte Street,ICT Contingency Labour,29/02/2020,67238.18,Allegis Global Solutions,L19/99 Walker Street North Sydney NSW 2060,Yes,No,Select,,,,,,,PD74441-41-1,,,29/02/2020,30/06/2020,
DoH_PD,33 Charlotte Street,ICT Contingency Labour,1/03/2020,98405.56,Allegis Global Solutions,L19/99 Walker Street North Sydney NSW 2060,Yes,No,Select,,,,,,,PD74441-39-1,,,1/03/2020,30/06/2020,
DoH_PD,33 Charlotte Street,ICT Contingency Labour,1/03/2020,102601.88,Allegis Global Solutions,L19/99 Walker Street North Sydney NSW 2060,Yes,No,Select,,,,,,,PD74441-44,,,1/03/2020,31/03/2021,
DoH_PD,33 Charlotte Street,ICT Contingency Labour,1/03/2020,91870.55,Allegis Global Solutions,L19/99 Walker Street North Sydney NSW 2060,Yes,No,Select,,,,,,,PD74441-9-1,,,1/03/2020,31/03/2021,
DoH_PD,33 Charlotte Street,ICT Contingency Labour,9/03/2020,73865.00,Allegis Global Solutions,L19/99 Walker Street North Sydney NSW 2060,No,No,Select,,,,,,,PD74441-71,,,9/03/2020,30/06/2020,
DoH_PD,33 Charlotte Street,ICT Contingency Labour,30/03/2020,79393.60,Allegis Global Solutions,L19/99 Walker Street North Sydney NSW 2060,No,No,Select,,,,,,,PD74441-73,,,30/03/2020,30/06/2020,
DoH_PD,33 Charlotte Street,ICT Contingency Labour,6/04/2020,48673.05,Allegis Global Solutions,L19/99 Walker Street North Sydney NSW 2060,No,No,Select,,,,,,,PD74441-75,,,6/04/2020,30/06/2020,
DoH_PD,33 Charlotte Street,Temporary Contractor,5/05/2020,22383.06,RANDSTAD PTY LIMITED,GPO Box 4640 SYDNEY 2000 ,No,No,Select,,,,,,,PD77110-26,,,5/05/2020,5/07/2020,
DoH_PD,33 Charlotte Street,Temporary Contractor,30/05/2020,40626.09,EDEN RITCHIE RECRUITMENT PTY. LTD.,"Level 9, 10 Market Street Brisbane QLD  Brisbane Qld 4000 ",Yes,No,Select,,,,,,,PD99648,,,30/05/2020,31/08/2020,
DoH_PD,33 Charlotte Street,Temporary Contractor,3/06/2020,73142.78,HAYS RECRUITMENT,"Level 45, 111 Eagle Street Brisbane Qld 4000",No,No,Select,,,,,,,PD83207-11,,,3/06/2020,31/12/2020,
DoH_PD,33 Charlotte Street,ICT Contingency Labour,1/07/2019,256202.54,Allegis Global Solutions,L19/99 Walker Street North Sydney NSW 2060,Yes,No,Select,,,,,,,PD74441-61,,,1/07/2019,30/06/2020,
DoH_PD,33 Charlotte Street,ICT Contingency Labour,5/08/2019,279121.92,Allegis Global Solutions,L19/99 Walker Street North Sydney NSW 2060,No,No,Select,,,,,,,PD74441-63,,,5/08/2019,30/06/2020,
DoH_PD,33 Charlotte Street,Temporary Contractor,30/09/2019,75022.64,RANDSTAD PTY LIMITED,GPO Box 4640 SYDNEY 2000 ,Yes,No,Select,,,,,,,PD77110-13-1,,,30/09/2019,30/06/2020,
DoH_PD,33 Charlotte Street,Temporary Contractor,30/09/2019,124113.40,RANDSTAD PTY LIMITED,GPO Box 4640 SYDNEY 2000 ,Yes,No,Select,,,,,,,PD77110-22,,,30/09/2019,3/01/2021,
DoH_PD,33 Charlotte Street,Temporary Contractor,14/10/2019,69535.14,HUDSON GLOBAL RESOURCES (AUST) PTY LIMITED ,LVL 17 CENTRAL PLAZA 2 66 EAGLE STREET Brisbane QLD 4000 ,Yes,No,Select,,,,,,,PD82774-31,,,14/10/2019,30/06/2020,
DoH_PD,33 Charlotte Street,Temporary Contractor,14/10/2019,69086.62,ADECCO AUSTRALIA PTY LTD,Level 19 300 Adelaide Street  Brisbane Queensland 4000 ,Yes,No,Select,,,,,,,PD104153-2,,,14/10/2019,30/06/2020,
DoH_PD,33 Charlotte Street,Temporary Contractor,14/10/2019,75999.18,HUDSON GLOBAL RESOURCES (AUST) PTY LIMITED ,LVL 17 CENTRAL PLAZA 2 66 EAGLE STREET Brisbane QLD 4000 ,Yes,No,Select,,,,,,,PD82774-34,,,14/10/2019,28/02/2020,
DoH_PD,33 Charlotte Street,Temporary Contractor,25/11/2019,38159.62,RANDSTAD PTY LIMITED,GPO Box 4640 SYDNEY 2000 ,No,No,Select,,,,,,,PD77110-23,,,25/11/2019,30/06/2020,
DoH_PD,33 Charlotte Street,ICT Products and Services,28/11/2019,2416524.00,CUSTOMER MANAGEMENT TECHNOLOGIES,PO Box 2311 Fortitude Valley Qld 4006,Yes,No,Limited,,,,,,,PD73437-2,,,28/11/2019,17/09/2020,
DoH_PD,33 Charlotte Street,Temporary Contractor,10/02/2020,39211.33,ADECCO AUSTRALIA PTY LTD,LVL 17 CENTRAL PLAZA 2 66 EAGLE STREET Brisbane QLD 4000 ,Yes,No,Select,,,,,,,PD82774-34,,,10/02/2020,30/06/2020,
DoH_PD,33 Charlotte Street,ICT Contingency Labour,12/03/2020,94996.00,Allegis Global Solutions,LVL 17 CENTRAL PLAZA 2 66 EAGLE STREET Brisbane QLD 4000 ,No,No,Select,,,,,,,PD74441-74,,,12/03/2020,30/06/2020,
DoH_PD,33 Charlotte Street,ICT Contingency Labour,1/07/2019,287231.03,Allegis Global Solutions,L19/99 Walker Street North Sydney NSW 2060,Yes,No,Select,,,,,,,PD74441-62,,PTD0033-15,1/07/2019,26/06/2020,70600569784
DoH_PD,33 Charlotte Street,ICT Contingency Labour,1/07/2019,284188.78,Allegis Global Solutions,L19/99 Walker Street North Sydney NSW 2060,No,No,Select,,,,,,,PD74441-18-3,,PTD0033-15,1/07/2019,26/06/2020,70600569784
DoH_PD,33 Charlotte Street,Temporary Contractor,4/09/2019,82731.00,RANDSTAD PTY LIMITED,GPO Box 4640 SYDNEY 2000 ,No,No,Select,,,,,,,PD77110-20,,PTD0007-14 ,4/09/2019,28/06/2020,28080275378
DoH_PD,33 Charlotte Street,Contract to develop and implement a consultation and engagement approach for the National Obesity Strategy,9/09/2019,199650.00,The Trustee for The Social Deck Trust,Office 2 16 Sunshine Beach Rd Noosa QLD 4567 ,No,No,Select,,,,,,,PD103258,,,9/09/2019,30/06/2020,600044728
DoH_PD,33 Charlotte Street,Additional  consultation and engagement for the National Obesity Strategy,9/09/2019,94380.00,The Trustee for The Social Deck Trust,Office 2 16 Sunshine Beach Rd Noosa QLD 4567 ,No,No,Select,,,,,,,,,,9/09/2019,30/06/2020,600044728
DoH_PD,33 Charlotte Street,Dialog Extension for Hosting and Support,14/11/2019,136732.49,Dialog Information Technology,"35 Boundary Street, South Brisbane 4101",Yes,No,Limited,,,,,,,PO4300269726,,,14/11/2019,13/11/2020,10089175
DoH_PD,33 Charlotte Street,Information Exchange between QH and Cwlth to identify women who are eligible for breast screening services in Qld ,14/11/2019,30998.00,Department of Health,GPO Box 9848  Canberra ACT 2601 ,No,Yes,Limited,,,,,,,PD102727,,,14/11/2019,13/11/2020,
DoH_PD,33 Charlotte Street,ICT Contingent Labour,9/12/2019,140442.72,Allegis Global Solutions,L19/99 Walker Street North Sydney NSW 2060,No,No,Select,,,,,,,PD74441-68,,PTD0033-15,9/12/2019,26/06/2020,70600569784
DoH_PD,33 Charlotte Street,Temporary Contractor,1/02/2020,110620.98,RANDSTAD PTY LIMITED,GPO Box 4640 SYDNEY 2000 ,Yes,No,Select,,,,,,,PD77110-15,,PTD0007-14 ,1/02/2020,26/06/2020,28080275378
DoH_PD,33 Charlotte Street,ICT Contingency Labour,10/02/2020,274890.00,Allegis Global Solutions,L19/99 Walker Street North Sydney NSW 2060,No,No,Select,,,,,,,PD74441-69,,PTD0033-15,10/02/2020,24/12/2020,70600569784
DoH_PD,33 Charlotte Street,Temporary Contractor,27/02/2020,38225.00,Hays Pty Ltd ,"Level 45, 111 Eagle Street Brisbane Qld 4000",No,No,Select,,,,,,,,,PTD0007-14 ,27/02/2020,3/07/2020,66329169412
DoH_PD,33 Charlotte Street,ICT Contingency Labour,9/03/2020,231720.81,Allegis Global Solutions,L19/99 Walker Street North Sydney NSW 2060,No,No,Select,,,,,,,,,PTD0033-15,9/03/2020,24/12/2020,70600569784
DoH_PD,33 Charlotte Street,Qlik Geoanalytics Enterprise ,12/03/2020,12456.40,Aginic Holdings,Level 1 Firhall 1354 Wickham Tce Spring Hill Qld 4000,No,No,Limited,,,,,,,,,,30/03/2020,31/03/2021,89618003419
DoH_PD,33 Charlotte Street,PACS Minor Equipment ,27/03/2020,74365.39,INMED Healthcare,"45 Prime Drive, Seven Hills NSW 2147",No,No,Select,,,,,,,,,,27/03/2020,30/06/2020,42612824969
DoH_PD,33 Charlotte Street,FoodChecker Lic. DoH& HHSs,8/11/2019,35970.00,Nutrition Australia (NA Vic) ,118 Cardigan St Carlton 3053,No,No,Limited,,,,,,,,,,1/10/2019,31/12/2020,29767398718
DoH_PD,33 Charlotte Street,iFed Database Access for FoodChecker ,24/10/2019,53927.00,SP Health,"Level 1, 65 Walker Street, North Sydney, NSW 2060",No,No,Limited,,,,,,,,,,1/10/2019,31/12/2020,73123248046
DoH_PD,33 Charlotte Street,BSQR Match Software Support 19-20 ,12/11/2019,90613.00,Pitney Bowes,"Level 1, 68 Waterloo Road,Macquarie Park, Park 2113, Australia",Yes,No,Limited,,,,,,,,,,12/09/2019,11/11/2020,82001475921
DoH_PD,33 Charlotte Street,BSPHN CS Increase Participation Rates ,22/11/2019,82500.00,Brisbane South PHN,"First Floor Building 20, Garden City Office Park, 2404 Logan Road, Eight Miles  Plains, Qld 4113",No,No,Select,,,,,,,,,,1/01/2020,31/03/2021,53151707765
DoH_PD,33 Charlotte Street,BNPHN CS Increase Participation Rates,22/11/2019,82500.00,Brisbane North PHN,"Level 1 Chalk St, Lutwyche Q4030",No,No,Select,,,,,,,,,,1/01/2020,31/03/2021,55150102257
DoH_PD,33 Charlotte Street,DDWMPHN CS Increase Participation Rates,22/11/2019,82500.00,Darling Downs West Moreton PHN,"Level 1/162 Hume St, Toowoomba, QLD 4350",No,No,Select,,,,,,,,,,1/01/2020,31/03/2021,51605975602
DoH_PD,33 Charlotte Street,GCPHN CS Increase Participation Rates ,22/11/2019,82500.00,Gold Coast PHN,Level 1. 14 Edgewater Court Robina Qld 4226,No,No,Select,,,,,,,,,,1/01/2020,31/03/2021,47152953092
DoH_PD,33 Charlotte Street,NQPHN CS Increase Participation Rates ,22/11/2019,82500.00,North Queensland PHN,"Suite 3, level 1, Post Office Square, 66-69 Sydney St, Mackay Qld 4740",No,No,Select,,,,,,,,,,1/01/2020,31/03/2021,35605757640
DoH_PD,33 Charlotte Street,Cancer Screening interactive videos ,4/12/2019,110000.00,Healthily Pty Ltd,"Suite 2, Level 5,492 St Kild Road, Melbourne VIC 3002",No,No,Select,,,,,,,,,,2/03/2020,30/06/2021,78613342635
DoH_PD,33 Charlotte Street,Womens Health (Cervical) Review Rural Qld ,4/12/2019,33000.00,Enable Health Strategies,123 Swan St Gordon Park Q 4031,No,No,Select,,,,,,,,,,4/12/2020,30/06/2020,46630429015
DoH_PD,33 Charlotte Street,50 x Smokilisers for Quitline referals ,3/02/2020,42361.00,Niche Medical,PO Box 2526 Malaga WA 6944,No,No,Limited,,,,,,,,,,1/02/2020,30/06/2020,66329169412
DoH_PD,33 Charlotte Street,Procurement Contract Negotiation Services ,5/05/2020,19904.50,QProcurement Pty Ltd,Level 7 320 Adelaide Street Brisbane 4000,No,No,Limited,,,,,,,,,,1/06/2020,30/06/2020,89154456630
DoH_PD,33 Charlotte Street,FOEX Plugin Framework - Developer License & Editor ,24/06/2020,173002.50,Apexia,51 Jabiru Drive Cobaki Lakes NSW 2486,No,No,Limited,,,,,,,,,,1/06/2020,30/06/2020,66329169412
DoH_PD,33 Charlotte Street,Interactive Whiteboards ,19/06/2020,13785.20,Dell,Unit 3 14 Aquatic Drive Frenchs Forest NSW 2086,No,No,Select,,,,,,,,,,1/06/2020,30/06/2020,46003855561
DoH_PD,33 Charlotte Street,BSQ Q10 Online Experience Upgrade,18/06/2020,15374.70,Dialog Information Technology,Level 7 35 Boundary Street South Brisbane Qld 4101,No,No,Select,,,,,,,,,,1/06/2020,30/06/2020,1601009175
DoH_PD,33 Charlotte Street,BSQ Website Redesign,2/06/2020,103009.50,Folk Pty Ltd,5 Albion Street Annandale NSW 2038,No,No,Select,,,,,,,,,,2/06/2020,30/09/2020,87073263457
DoH_PD,33 Charlotte Street,BSQ Mailhouse Print Stock and Operations+Freight,24/09/2019,247500.00,Konica Minolta Marketing,"PO Box, 191 Caringbah NSQ 1495 Australia",No,No,Select,,,,,,,,,,24/09/2019,30/06/2020,59108768083
DoH_PD,33 Charlotte Street,"Quit, Smoke Free & Preg Print Resources ",25/09/2019,13921.03,Konica Minolta Marketing,"PO Box, 191 Caringbah NSQ 1495 Australia",No,No,Select,,,,,,,,,,25/09/2019,30/06/2020,59108768084
