Agency (Dept or Stat Body),Agency address,Contract description/name,Award contract date,Contract value,Supplier name,Supplier address,Variation to contract (Yes/No),Specific confidentiality provision used,Procurement method,Reason for use of limited tendering,Form of contract,Number of offers sought,Evaluation criteria and weightings,Deliverables,Contract milestones,Contract performance management,Contract reference number,Contract category group,Parent contract number/SOA,Variation comments,Commence date,Supplier ABN,Finish date
DoH_PD,33 Charlotte Street,Assurance Review,10/10/2022,"12,430.00",Information Professional Holdings,"PO Box 15390, City East QLD 4002",No,No,,,,,,,,,4302581493,General Goods and Services,ICT 9281,,10/10/2022,98164080200,31/12/2022
DoH_PD,33 Charlotte Street,Printing PBS Hospital Prescription Forms 2022-23,30/09/2022,"168,530.13",Dept Of Human Services,"PO Box 1699, Southport Qld 4215",No,No,,,,,,,,,4302461876,General Goods and Services,,,30/09/2022,90794605008,30/08/2023
DoH_PD,33 Charlotte Street,The Change Agency Events May 22 - Feb 23,8/07/2022,"14,980.99",Indooroopilly Golf Club,"Meiers Rd, Indooroopilly QLD 4068",No,No,,,,,,,,,,General Goods & Services,,,8/07/2022,19009660726,24/03/2023
DoH_PD,33 Charlotte Street,Highly specialised independent financial advice,7/06/2022,"412,500.00",Deloitte Financial Advisory P/L,GPO Box 1463  Brisbane  Qld 4001,No,No,,,,,,,,,PD115389,General Goods & Services,QGP0050-18,,7/06/2022,83611749841,3/02/2023
DoH_PD,33 Charlotte Street,Procurement and probity advice for new long term agreements,20/06/2022,"165,000.00",ConnellGriffin Pty Ltd ,L7/360 Kent Street Sydney   NSW  2000,No,No,,,,,,,,,PD115180/-1,General Goods & Services,QGP0050-18,,20/06/2022,78162085592,30/03/2023
DoH_PD,33 Charlotte Street,SOA Long Distance and/or High Acuity Air Ambulance Services,1/07/2022,"6,814,731.00",Lifeflight Commercial Limited,PO Box 15166  CITY EAST QLD 4002,No,No,Open,,Standing offer arrangement,6,,Provision of long distance/high acuity air ambulance services,,Managed through contract meetings and Key Performance Indicators,PD108744,General Goods and Services,PD108744,,1/07/2022,32105250413,30/06/2023
DoH_PD,33 Charlotte Street,SOA Long Distance and/or High Acuity Air Ambulance Services,1/07/2022,"2,920,599.00",Aspen Medical Pty Ltd,PO Box 231  Deakin West ACT 2600,No,No,Open,,Standing offer arrangement,6,,Provision of long distance/high acuity air ambulance services,,Managed through contract meetings and Key Performance Indicators,PD108744,General Goods and Services,PD108744,,1/07/2022,32105250413,30/06/2023
DoH_PD,33 Charlotte Street,Provision of specific clothing required for aeromedical retrievals,25/07/2022,"11,000.00",Sisley Clothing Australia,8 ROGILLA CL Maryland  NSW  2287,No,No,,,,,,,,,4302320768,General Goods and Services,QGP0059-19,,25/07/2022,89690832091,30/06/2023
DoH_PD,33 Charlotte Street,Legal advice contract development,27/07/2022,"25,300.00",Corrs Chambers Westgarth,"L35/1, EAGLE ST, BRISBANE  QLD  4000",No,No,,,,,,,,,4302320768,General Goods and Services,QGP0059-19,,27/07/2022,89690832091,3/02/2023
DoH_PD,33 Charlotte Street,LearnFlex License software and software support services,4/08/2022,"15,400.00",B Online Learning Pty Ltd,"Suite 205 and 206 The Cooperage, 56 Bowman St, Pyrmont NSW 2009",Yes,No,,,,,,,,,PD107116,General Goods & Services,,,27/08/2022,50068437338,26/08/2023
DoH_PD,33 Charlotte Street,Provision of aviation subject matter advice and undertaking audits,30/08/2022,"11,000.00",TECHSAFE AVIATION PTY LTD,BLDG 108.3  DA VINCI BUSINESS PARK Brisbane Airport  QLD  4009,Yes,No,,,,,,,,,PD109291,General Goods and Services,,,30/08/2022,24167390445,31/12/2022
DoH_PD,33 Charlotte Street,Provision of Professional Facility Planning ,23/09/2022,"29,128.00",Destravis Australia Pty Ltd,152 Junction Road Clayfield   Qld   4011,No,No,,,,,,,,,PD116989,General Goods and Services,CAS480,,23/09/2022,22621170170,31/12/2022
DoH_PD,33 Charlotte Street,Probity Advisor,31/10/2022,"12,644.50",Charles Kendall Australia Pty Ltd,"Level 9, 144 Edward Street, Brisbane  Qld 4000",No,No,,,,,,,,,PD116713,General Goods & Services,QGP0050-18,,31/10/2022,89690832091,30/06/2023
DoH_PD,33 Charlotte Street,Legal fees,29/06/2022,"27,302.00",Minter Ellison,WATERFRONT PLACE L 22 1 EAGLE STREET BRISBANE  QLD  4000,No,No,,,,,,,,,,General Goods and Services,QGP0059-19,,29/06/2022,91556716819,9/03/2023
DoH_PD,33 Charlotte Street,Temporary Contractor,1/07/2022,"259,221.62",HUDSON GLOBAL RESOURCES (AUST) PTY LIMITED ,LVL 17 CENTRAL PLAZA 2 66 EAGLE STREET Brisbane QLD 4000 ,No,No,,,,,,,,,PD106405-29,General Goods and Services,GGS0060,,1/07/2022,21002888762,30/06/2023
DoH_PD,33 Charlotte Street,Temporary Contractor,1/07/2022,"250,837.91",HUDSON GLOBAL RESOURCES (AUST) PTY LIMITED ,LVL 17 CENTRAL PLAZA 2 66 EAGLE STREET Brisbane QLD 4000 ,No,No,,,,,,,,,PD106405-30,General Goods and Services,GGS0060,,1/07/2022,21002888762,30/06/2023
DoH_PD,33 Charlotte Street,Temporary Contractor,1/07/2022,"225,225.95",HUDSON GLOBAL RESOURCES (AUST) PTY LIMITED ,LVL 17 CENTRAL PLAZA 2 66 EAGLE STREET Brisbane QLD 4000 ,No,No,,,,,,,,,PD106405-32,General Goods and Services,GGS0060,,1/07/2022,21002888762,30/06/2023
DoH_PD,33 Charlotte Street,Temporary Contractor,1/07/2022,"240,075.51",HUDSON GLOBAL RESOURCES (AUST) PTY LIMITED ,LVL 17 CENTRAL PLAZA 2 66 EAGLE STREET Brisbane QLD 4000 ,No,No,,,,,,,,,PD106405-27,General Goods and Services,GGS0060,,1/07/2022,21002888762,30/06/2023
DoH_PD,33 Charlotte Street,e-Recruitment online system - Yearly campaign configurations,1/07/2022,"12,592.80",Acendre Pty Ltd,L4/600 VICTORIA ST RICHMOND  VIC 3121,No,No,,,,,,,,,PD63038-1,General Goods & Services,,,1/07/2022,26079099282,8/09/2022
DoH_PD,33 Charlotte Street,Website hosting fees and updates,1/07/2022,"16,795.33",Vmly&R Pty Ltd,Stanley Street Plaza Southbank Qld 4000,No,No,,,,,,,,,,General Goods & Services,,,1/07/2022,67117645708,30/06/2023
DoH_PD,33 Charlotte Street,Travel Accomodation expenses,22/07/2022,"12,647.27",HRS Australasia Pty Ltd,"Level 35/03 60 Margaret St, Sydney NSW 2000",No,No,,,,,,,,,,General Goods & Services,,,22/07/2022,42006852991,25/11/2022
DoH_PD,33 Charlotte Street,Travel Air Fares,15/07/2022,"27,341.91",QANTAS Airways Limited,PO Box 766 BRISBANE  QLD  4001,No,No,,,,,,,,,,General Goods & Services,,,15/07/2022,16009661901,6/12/2022
DoH_PD,33 Charlotte Street,2022-23 National Blood Supply Plan,5/09/2022,"61,220,562.00",National Blood Authority,Locked Bag 8430  CANBERRA ACT 2601,No,Yes,,,,,,,,,HSCI69180,Medical,,,5/09/2022,87361602478,30/06/2023
DoH_PD,33 Charlotte Street,National Cord Blood Supply 2022-23,6/09/2022,"979,507.00",Department Of Health,Locked Bag 8430  CANBERRA ACT 2601,No,Yes,,,,,,,,,PD111705,Medical,,,6/09/2022,87361602478,30/06/2023
DoH_PD,33 Charlotte Street,Accreditation assessor fees,1/08/2022,"17,040.00",Ian Hawke Consulting,6 KOBADA ST TARINGA   QLD 4068,No,No,,,,,,,,,4301007533,General Goods & Services,,,1/08/2022,76704058894,30/06/2023
DoH_PD,33 Charlotte Street,Accreditation assessor fees,24/08/2022,"11,550.00",MICHAEL JOHN PAHOFF,29 ANDROMEDA PDE ROBINA  QLD 4226,No,No,,,,,,,,,4301007533,General Goods & Services,,,24/08/2022,25802993691,30/12/2023
DoH_PD,33 Charlotte Street,Comprehensive credit rating,26/08/2022,"11,495.00",Corporate Scorecard Pty Ltd,L15/100 Arthur Street NORTH SYDNEY  NSW 2059,No,No,,,,,,,,,,General Goods and Services,,,26/08/2022,33007527611,26/08/2022
DoH_PD,33 Charlotte Street,Online wellbeing education and training program,1/09/2022,"308,000.00",Mater Education Limited,"Level 4, Duncombe Building, Raymond Terrace, South Brisbane Q  4000",No,No,,,,,,,,,PD113151,General Goods and Services,,,1/09/2022,50148130349,31/08/2024
DoH_PD,33 Charlotte Street,Venue Hire - Health Professionals’ Mental Health and Wellbeing Summit,25/10/2022,"19,834.00",Hotel Grand Chancellor,"23 LEICHHARD ST CNR WICKHAM TCE, BRISBANE  QLD  4000",No,No,,,,,,,,,,General Goods and Services,,,25/10/2022,27091467597,25/10/2022
DoH_PD,33 Charlotte Street,Provision of HIV Point Of Care Tests (POCT) and associated accessories 2022/23,28/06/2022,"155,946.11",Abbott Rapid Diagnostics Pty Ltd,"12 Mowbray Tce, East Brisbane QLD 4169",No,No,,,,,,,,,PD104249-4,Medical,,,1/07/2022,19010728220,30/06/2023
DoH_PD,33 Charlotte Street,Notifiable Conditions System (NoCs) Replacement  - System enhancements,1/07/2022,"754,516.29",Sunquest Information Systems P/L,Level 6 Suite 2 410 Ann Street Brisbane Qld 4000 ,Yes,No,Limited,,,,,,,,PD99134,Information and Communication Technology,,,1/07/2022,32620052404,14/05/2025
DoH_PD,33 Charlotte Street,ICT Contingency Labour,1/07/2022,"123,992.00",Allegis Global Solutions,L19/99 Walker Street North Sydney NSW 2060,Yes,No,,,,,,,,,PD106367-21,Information and Communication Technology,GGS0060,,1/07/2022,70600569784,23/12/2022
DoH_PD,33 Charlotte Street,ICT Contingency Labour,1/07/2022,"28,454.80",Allegis Global Solutions,L19/99 Walker Street North Sydney NSW 2060,Yes,No,,,,,,,,,PD106367-3,Information and Communication Technology,GGS0060,,1/07/2022,70600569784,23/12/2022
DoH_PD,33 Charlotte Street,ICT Contingency Labour,1/07/2022,"26,429.88",Allegis Global Solutions,L19/99 Walker Street North Sydney NSW 2060,Yes,No,,,,,,,,,PD106367-26,Information and Communication Technology,GGS0060,,1/07/2022,70600569784,29/08/2022
DoH_PD,33 Charlotte Street,ICT Contingency Labour,1/07/2022,"41,737.00",Allegis Global Solutions,L19/99 Walker Street North Sydney NSW 2060,Yes,No,,,,,,,,,PD106367-33,Information and Communication Technology,GGS0060,,1/07/2022,70600569784,23/12/2022
DoH_PD,33 Charlotte Street,ICT Contingency Labour,1/07/2022,"114,451.48",Allegis Global Solutions,L19/99 Walker Street North Sydney NSW 2060,Yes,No,,,,,,,,,PD106367-28-2,Information and Communication Technology,GGS0060,,1/07/2022,70600569784,23/12/2022
DoH_PD,33 Charlotte Street,ICT Contingency Labour,1/10/2022,"117,487.30",Allegis Global Solutions,L19/99 Walker Street North Sydney NSW 2060,Yes,No,,,,,,,,,PD106367-34,Information and Communication Technology,GGS0060,,1/10/2022,70600569784,30/11/2022
DoH_PD,33 Charlotte Street,ICT Contingency Labour,1/07/2022,"21,203.33",Allegis Global Solutions,L19/99 Walker Street North Sydney NSW 2060,Yes,No,,,,,,,,,PD106367-32,Information and Communication Technology,GGS0060,,1/07/2022,70600569784,23/12/2022
DoH_PD,33 Charlotte Street,ICT Contingency Labour,1/07/2022,"28,341.40",Allegis Global Solutions,L19/99 Walker Street North Sydney NSW 2060,Yes,No,,,,,,,,,PD106367-36,Information and Communication Technology,GGS0060,,1/07/2022,70600569784,31/08/2022
DoH_PD,33 Charlotte Street,ICT Contingency Labour,1/07/2022,"147,962.10",Allegis Global Solutions,L19/99 Walker Street North Sydney NSW 2060,Yes,No,,,,,,,,,PD106367-38,Information and Communication Technology,GGS0060,,1/07/2022,70600569784,23/12/2022
DoH_PD,33 Charlotte Street,Distribution Services for Vaccines,1/07/2022,"976,364.69",Toll Global Logistics Division,L4/390 ST KILDA RD MELBOURNE  VIC  3004,No,No,Open,,,,,,,,4302352491,General Goods and Services,HSQ85987,,1/07/2022,31006604191,30/06/2023
DoH_PD,33 Charlotte Street,Supply of Injecting Equipment for Qld Needle and Syringe Program,1/07/2022,"2,199,845.84",Asp Healthcare Pty Ltd,17 HARRIS ST ST MARYS  NSW  2760,No,No,Open,,,,,,,,PD111156,Medical,SOA234,,1/07/2022,45108259329,30/06/2023
DoH_PD,33 Charlotte Street,Supply of Injecting Equipment for Qld Needle and Syringe Program,1/07/2022,"299,942.44",Clifford Hallam Healthcare P/L,U 2 & 3 14 LUKE ST  LYTTON  QLD  4178,No,No,,,,,,,,,PD111703/PD111704,Medical,SOA234,,1/07/2022,45108259329,30/06/2023
DoH_PD,33 Charlotte Street,Supply of Injecting Equipment for Qld Needle and Syringe Program,1/07/2022,"460,438.20",Terumo Australia Pty Ltd,L 4  BLDG A  5 TALAVERA RD MACQUARIE PARK  NSW  2113,No,No,Open,,,,,,,,PD111702,Medical,SOA234,,1/07/2022,34158693595,30/06/2023
DoH_PD,33 Charlotte Street,Linkedin Learning - Yearly subscription,8/07/2022,"11,385.00",Linkedin,L9/1 MARTON PL  SYDNEY  NSW  2000,No,No,,,,,,,,,,General Goods & Services,,,8/07/2022,73615253408,7/07/2023
DoH_PD,33 Charlotte Street,Student Research Agreement,19/07/2022,"15,000.00",Australian National University,Australian National University ACTON  ACT  2601,No,No,,,,,,,,,PD113807,General Goods and Services,,,14/02/2022,52234063906,8/12/2023
DoH_PD,33 Charlotte Street,Employee Assistance Services,26/07/2022,"11,869.00",BENESTAR GROUP PTY LTD ,PO Box Q1436  SYDNEY NSW 1230,No,No,,,,,,,,,,General Goods & Services,,,26/07/2022,61003536472,25/11/2022
DoH_PD,33 Charlotte Street,Legal fees,29/09/2022,"19,259.35",Hwl Ebsworth Lawyers,L19/480 Queen Street BRISBANE  QLD  4000,No,No,,,,,,,,,,General Goods & Services,,,29/09/2022,37246549189,31/10/2022
DoH_PD,33 Charlotte Street,2023 SIP Campaign resources,7/10/2022,"143,526.11",The Buckner Group Pty Ltd,71 BASALT ST GEEBUNG  QLD  4034,No,No,,,,,,,,,4302475792,General Goods and Services,,,7/10/2022,47009739422,30/11/2022
DoH_PD,33 Charlotte Street,Temporary Contractor,1/07/2022,"18,935.13",RANDSTAD PTY LIMITED,GPO Box 4640 SYDNEY 2000 ,Yes,No,,,,,,,,,PD106403-19,General Goods and Services,GGS0060,,1/07/2022,28080275378,30/09/2022
DoH_PD,33 Charlotte Street,Temporary Contractor,1/07/2022,"112,527.27",RANDSTAD PTY LIMITED,GPO Box 4640 SYDNEY 2000 ,Yes,No,,,,,,,,,PD106403-17,General Goods and Services,GGS0060,,1/07/2022,28080275378,30/06/2023
DoH_PD,33 Charlotte Street,Temporary Contractor,1/07/2022,"67,239.48",RANDSTAD PTY LIMITED,GPO Box 4640 SYDNEY 2000 ,Yes,No,,,,,,,,,PD106403-18,General Goods and Services,GGS0060,,1/07/2022,28080275378,15/01/2023
DoH_PD,33 Charlotte Street,Temporary Contractor,23/07/2022,"12,239.37",RANDSTAD PTY LIMITED,GPO Box 4640 SYDNEY 2000 ,Yes,No,,,,,,,,,PD106403-20,General Goods and Services,GGS0060,,23/07/2022,28080275378,2/10/2022
DoH_PD,33 Charlotte Street,Temporary Contractor,1/07/2022,"64,343.16",RANDSTAD PTY LIMITED,GPO Box 4640 SYDNEY 2000 ,Yes,No,,,,,,,,,PD106403-19,General Goods and Services,GGS0060,,1/07/2022,28080275378,15/01/2023
DoH_PD,33 Charlotte Street,Temporary Contractor,26/07/2022,"6,687.11",RANDSTAD PTY LIMITED,GPO Box 4640 SYDNEY 2000 ,Yes,No,,,,,,,,,PD106403-23,General Goods and Services,GGS0060,,26/07/2022,28080275378,14/08/2022
DoH_PD,33 Charlotte Street,ICT Products and Services,18/07/2022,"1,848,000.00",CUSTOMER MANAGEMENT TECHNOLOGIES,PO Box 2311 Fortitude Valley Qld 4006,Yes,No,Limited,"c - (i) Cannot be made for technical reasons such as requirements of interchangeability or interoperability with existing equipment, software, services or installations procured under the initial procurement, or due to conditions under original supplier warranties",,,,,,,PD73437-2,Information and Communication Technology,,,18/09/2022,93084752983,18/09/2024
DoH_PD,33 Charlotte Street,Queensland contribution to Food Regulation System 2022-23 & Website design and build,18/05/2022,"66,874.82",Department Of Health,GPO Box 9848  CANBERRA  ACT  2601,No,No,,,,,,,,,,General Goods and Services,,,18/05/2022,83605426759,1/11/2022
DoH_PD,33 Charlotte Street,Legal fees,28/06/2022,"118,264.00",Mccullough Robertson Lawyers,GPO BOX 1855 BRISBANE QLD 4001,No,No,,,,,,,,,,General Goods and Services,QGP0059-19,,28/06/2022,42721345951,31/10/2022
DoH_PD,33 Charlotte Street,Legal fees,29/06/2022,"25,101.42",Minter Ellison,WATERFRONT PLACE L 22 1 EAGLE STREET BRISBANE  QLD  4000,No,No,,,,,,,,,,General Goods and Services,QGP0059-19,,29/06/2022,91556716819,31/10/2022
DoH_PD,33 Charlotte Street,Photocopier Charges,27/06/2022,"14,002.69",Ricoh Australia Pty Ltd,Locked Bag 2044 / NORTH RYDE NSW 1670,No,No,,,,,,,,,,General Goods and Services,,,27/06/2022,30000593171,25/10/2022
DoH_PD,33 Charlotte Street,GP Education Package,23/06/2022,"13,200.00",Family Planning Queensland,230 Lutwych Road WINDSOR QLD 4030,No,Yes,,,,,,,,,,General Goods and Services,,,23/06/2022,61009860164,17/07/2022
DoH_PD,33 Charlotte Street,"Storage, Printing & Distribution of PSB Health Promotion material",30/06/2022,"11,425.96",Winc Australia Pty Ltd,"B4/301 Orchard Rd, Richlands QLD 4077",No,No,,,,,,,,,,,,,30/06/2022,94000728398,11/11/2022
DoH_PD,33 Charlotte Street,ICT Contingency Labour,4/07/2022,"254,818.96",Allegis Global Solutions,L19/99 Walker Street North Sydney NSW 2060,Yes,No,,,,,,,,,PD106367-2,Information and Communication Technology,GGS0060,,4/07/2022,70600569784,2/01/2023
DoH_PD,33 Charlotte Street,ICT Contingency Labour,2/07/2022,"143,016.19",Allegis Global Solutions,L19/99 Walker Street North Sydney NSW 2060,Yes,No,,,,,,,,,PD106367-22,Information and Communication Technology,GGS0060,,2/07/2022,70600569784,2/01/2023
DoH_PD,33 Charlotte Street,ICT Contingency Labour,2/07/2022,"152,030.32",Allegis Global Solutions,L19/99 Walker Street North Sydney NSW 2060,Yes,No,,,,,,,,,PD106367-17,Information and Communication Technology,GGS0060,,2/07/2022,70600569784,2/01/2023
DoH_PD,33 Charlotte Street,ICT Contingency Labour,4/07/2022,"138,578.09",Allegis Global Solutions,L19/99 Walker Street North Sydney NSW 2060,Yes,No,,,,,,,,,PD106367-19,Information and Communication Technology,GGS0060,,4/07/2022,70600569784,2/01/2023
DoH_PD,33 Charlotte Street,Temporary Contractor,4/07/2022,"70,464.90",RANDSTAD PTY LIMITED,GPO Box 4640 SYDNEY 2000 ,Yes,No,,,,,,,,,PD106403-4,Information and Communication Technology,GGS0060,,4/07/2022,28080275378,2/01/2023
DoH_PD,33 Charlotte Street,2022/23 VMO BreastScreening,1/07/2022,"129,234.84",Dr Linda Cockburn,,Yes,No,,,,,,,,,PD78134-1,Medical,,,1/07/2022,77010933016,31/03/2023
DoH_PD,33 Charlotte Street,2022/23 VMO BreastScreening,1/07/2022,"195,910.59",Marion Tracey Medical Pty Ltd,,Yes,No,,,,,,,,,PD78242-1,Medical,,,1/07/2022,47144563986,31/03/2023
DoH_PD,33 Charlotte Street,2022/23 VMO BreastScreening,1/07/2022,"102,721.74",Rjlarsen Medical Pty Ltd,,Yes,No,,,,,,,,,PD78461-1,Medical,,,1/07/2022,60378221090,31/03/2023
DoH_PD,33 Charlotte Street,2022/23 VMO BreastScreening,1/07/2022,"109,741.06",Dr Tony C Bretherton,,Yes,No,,,,,,,,,PD77905-1,Medical,,,1/07/2022,78497757293,31/03/2023
DoH_PD,33 Charlotte Street,2022/23 VMO BreastScreening,1/07/2022,"31,906.00",Dr Charmaine Macdonald,,Yes,No,,,,,,,,,PD88446,Medical,,,1/07/2022,88748985156,31/03/2023
DoH_PD,33 Charlotte Street,2022/23 VMO BreastScreening,1/07/2022,"34,496.64",Dr Thomas B Lloyd,,Yes,No,,,,,,,,,PD78568-1,Medical,,,1/07/2022,29726026564,31/03/2023
DoH_PD,33 Charlotte Street,2022/23 VMO BreastScreening,1/07/2022,"19,454.88",Dr Shohreh Rezai,,Yes,No,,,,,,,,,PD78254-1,Medical,,,1/07/2021,65230147242,31/03/2023
DoH_PD,33 Charlotte Street,2022/23 VMO BreastScreening,1/07/2022,"38,528.44",Dr Damayantha K Seneviratne,,Yes,No,,,,,,,,,PD77907-1,Medical,,,1/07/2022,23931971084,31/03/2023
DoH_PD,33 Charlotte Street,2022/23 VMO BreastScreening,1/07/2022,"62,057.51",Dr Bronwyn G Rogers,,Yes,No,,,,,,,,,PD77899-2,Medical,,,1/07/2022,40094502208,31/03/2023
DoH_PD,33 Charlotte Street,2022/23 VMO BreastScreening,1/07/2022,"49,558.23",Dr Michael P M Curley,,Yes,No,,,,,,,,,PD87660-1,Medical,,,1/07/2022,90442299082,31/03/2023
DoH_PD,33 Charlotte Street,2022/23 VMO BreastScreening,1/07/2022,"52,351.30",Clamac Medical Pty Ltd,,Yes,No,,,,,,,,,PD77917-1,Medical,,,1/07/2022,65120316609,31/03/2023
DoH_PD,33 Charlotte Street,2022/23 VMO BreastScreening,1/07/2022,"51,798.45",Katrina Lee Dahl,,Yes,No,,,,,,,,,PD87906,Medical,,,1/07/2022,72659428250,31/03/2023
DoH_PD,33 Charlotte Street,2022/23 VMO BreastScreening,1/07/2022,"34,672.12",Dr Nicholas J Hall,,Yes,No,,,,,,,,,PD78243-1,Medical,,,1/07/2022,43197840105,31/03/2023
DoH_PD,33 Charlotte Street,2022/23 VMO BreastScreening,1/07/2022,"27,236.83",Dr James Challen,,Yes,No,,,,,,,,,PD77906-1,Medical,,,1/07/2022,27135980467,31/03/2023
DoH_PD,33 Charlotte Street,2022/23 VMO BreastScreening,1/07/2022,"56,030.04",Dr John Evans Radiologist Pty Ltd,,Yes,No,,,,,,,,,PD78127-1,Medical,,,1/07/2022,69165642651,31/03/2023
DoH_PD,33 Charlotte Street,2022/23 VMO BreastScreening,1/07/2022,"44,589.22",Lexsea Radiology P/L,,Yes,No,,,,,,,,,PD99191,Medical,,,1/07/2022,60626688659,31/03/2023
DoH_PD,33 Charlotte Street,2022/23 VMO BreastScreening,1/07/2022,"62,003.76",Dr Phelim T Doyle,,Yes,No,,,,,,,,,PD77913-1,Medical,,,1/07/2022,27809036694,31/03/2023
DoH_PD,33 Charlotte Street,2022/23 VMO BreastScreening,1/07/2022,"55,251.85",Dr Chanchala Athulathmudali,,Yes,No,,,,,,,,,PD77862-1,Medical,,,1/07/2022,69547106756,31/03/2023
DoH_PD,33 Charlotte Street,2022/23 VMO BreastScreening,1/07/2022,"51,368.65",Dr Elizabeth A Carter,,Yes,No,,,,,,,,,PD78612-2,Medical,,,1/07/2022,19897520767,31/03/2023
DoH_PD,33 Charlotte Street,2022/23 VMO BreastScreening,1/07/2022,"136,962.32",Overgrove Pty Ltd,,Yes,No,,,,,,,,,PD78239-1,Medical,,,1/07/2022,89076876536,31/03/2023
DoH_PD,33 Charlotte Street,2022/23 VMO BreastScreening,1/07/2022,"43,861.90",Charles Bruce Leibowitz,,Yes,No,,,,,,,,,PD78613-2,Medical,,,1/07/2022,14209149485,31/03/2023
DoH_PD,33 Charlotte Street,2022/23 VMO BreastScreening,1/07/2022,"81,873.89",Dr Sonja M Gustafson,,Yes,No,,,,,,,,,PD78558-1,Medical,,,1/07/2022,96372532114,31/03/2023
DoH_PD,33 Charlotte Street,2022/23 VMO BreastScreening,1/07/2022,"89,846.15",Andrew M McLaughlan,,Yes,No,,,,,,,,,PD78579-2,Medical,,,1/07/2022,90706362371,31/03/2023
DoH_PD,33 Charlotte Street,2022/23 VMO BreastScreening,1/07/2022,"196,105.14",Dr Grant Withey,,Yes,No,,,,,,,,,PD77915-1,Medical,,,1/07/2022,82448558537,31/03/2023
DoH_PD,33 Charlotte Street,2022/23 VMO BreastScreening,1/07/2022,"102,721.74",Dr Bimal P Sood,,Yes,No,,,,,,,,,PD75283-1,Medical,,,1/07/2022,59479606690,31/03/2023
DoH_PD,33 Charlotte Street,2022/23 VMO BreastScreening,1/07/2022,"49,804.48",Medical Excellence Pty Ltd,,Yes,No,,,,,,,,,PD111483,Medical,,,1/07/2022,96372532114,31/03/2023
DoH_PD,33 Charlotte Street,2022/23 VMO BreastScreening,1/07/2022,"30,486.37",Cara Odenthal Radiology Pty Ltd,,Yes,No,,,,,,,,,PD111482,Medical,,,1/07/2022,41645427854,31/03/2023
DoH_PD,33 Charlotte Street,2022/23 VMO BreastScreening,1/07/2022,"43,332.50",Natalie Lawrence Radiology Pty Ltd,,Yes,No,,,,,,,,,PD116346,Medical,,,1/07/2022,61656478849,31/03/2023
DoH_PD,33 Charlotte Street,2022/23 VMO BreastScreening,12/04/2022,"38,135.46",Fallon Geoffrey Pty Ltd,,No,No,,,,,,,,,PD116347,Medical,,,21/04/2022,61656478849,31/03/2023
DoH_PD,33 Charlotte Street,2022/23 VMO BreastScreening,6/04/2022,"13,865.18",Bionc Pty Ltd,,No,No,,,,,,,,,PD111488,Medical,,,1/07/2022,96372532114,31/03/2023
DoH_PD,33 Charlotte Street,Cancer Screening Mailhouse Stock,11/07/2022,"148,830.40",Konica Minolta Marketing Services,L4/503-505 Kent Street Sydney 2000,Yes,No,,,,,,,,,4301510312,General Goods and Services,HSQ96132,,11/07/2022,59108768083,30/06/2023
DoH_PD,33 Charlotte Street,Outgoing clincial communications 2022/23,2/08/2022,"46,093.08",Medical-Objects Pty Ltd,11/72 Wises Road MAROOCHYDORE  QLD  4558,Yes,No,,,,,,,,,4301520147,General Goods and Services,,,2/08/2022,55082554877,30/06/2023
DoH_PD,33 Charlotte Street,Pathology & Radiology reports 2022/23,8/08/2022,"15,092.00",Healthlink Group Pty Ltd,35 CLARENCE ST SYDNEY  NSW  2001,Yes,No,,,,,,,,,4301520182,General Goods and Services,,,8/08/2022,44600665183,30/06/2023
DoH_PD,33 Charlotte Street,Test Message Service 2022/23,12/08/2022,"98,982.19",Message Media - Statewide,GPO Box 442 Melbourne VIC 3001,Yes,No,,,,,,,,,4301520072,General Goods and Services,DETSOA64648,,12/08/2022,16095453062,30/06/2023
DoH_PD,33 Charlotte Street,Professional Services,15/09/2022,"43,560.00",Enable Health Consulting,123 Swan Street GORDON PARK  QLD  4031,No,No,,,,,,,,,4302429441,General Goods and Services,QGP0075-21,,15/09/2022,46630429015,9/12/2022
DoH_PD,33 Charlotte Street,Provision of data for BreastScreen Program,20/09/2022,"12,831.52",Dept Of Human Services,PO Box 1699 Southport  Qld  4215,No,No,,,,,,,,,PD102727,Information and Communication Technology,,,20/09/2022,90794605008,30/06/2023
DoH_PD,33 Charlotte Street,BreastScreen Queensland Online Portal,13/10/2022,"197,788.23",Dialog Information Technology,"Level 7 35 Boundary Street, South Brisbane 4101",Yes,No,,,,,,,,,PD113195,Information and Communication Technology,ICT7698B,,14/11/2022,1601009175,13/11/2023
DoH_PD,33 Charlotte Street,Development of online resources for public health program,26/10/2022,"110,000.00",URBIS PTY LTD,L12/120 Collins Street MELBOURNE  VIC  3000,No,No,,,,,,,,,4302517583,General Goods and Services,,,26/10/222,50105256228,30/06/2023
DoH_PD,33 Charlotte Street,System requirements - Licensing Scheme,9/11/2022,"48,400.00",Customer Management,4-20 MILLWAY ST KEDRON  QLD  4031,Yes,No,,,,,,,,,PD73437-2,Information and Communication Technology,,,9/11/2022,93084752983,31/12/2022
DoH_PD,33 Charlotte Street,Professional Services,23/11/2022,"32,164.00",Enable Health Consulting,123 Swan Street GORDON PARK  QLD  4031,No,No,,,,,,,,,4302429441,General Goods and Services,QGP0075-21,,23/11/2022,46630429015,31/12/2022
DoH_PD,33 Charlotte Street,Employee Assistance Services,1/07/2022,"17,388.37",BENESTAR GROUP PTY LTD ,PO Box Q1436  SYDNEY NSW 1230,No,No,,,,,,,,,,General Goods & Services,,,1/07/2022,61003536472,25/11/2022
DoH_PD,33 Charlotte Street,Workplace Culture & Client Satisfaction,7/10/2022,"31,574.40",Fahl Er Pty Ltd,SE405/32 Leichardt St Spring Hill Qld  4000,No,No,,,,,,,,,4302475834,General Good and Services,,,7/10/2022,34105211158,30/11/2022
DoH_PD,33 Charlotte Street,Beyond Surviving to Thriving - Leadership Training,10/05/2022,"25,300.00",The Change Agency Pty. Ltd.,PO Box 212  SAMFORD QLD 4520,No,No,,,,,,,,,,General Goods & Services,,,16/09/2022,71010905076,11/10/2022
DoH_PD,33 Charlotte Street,Provision of facilitator and evaluation services,17/10/2022,"10,230.00",Reveur Asia Pacific Pty Ltd(,PO Box 766 CALOUNDRA  QLD  4551,No,No,,,,,,,,,4302527723,General Good and Services,QGP0050-18,,17/10/2022,94143719724,11/11/2022
DoH_PD,33 Charlotte Street,Fee Recovery Services,14/07/2022,"36,159.24",Australian Receivables Ltd,PO Box 14390  MELBOURNE VIC 8001,No,No,,,,,,,,,,General Goods & Services,,,14/07/2022,96103234653,16/11/2022
DoH_PD,33 Charlotte Street,VAD Forum - Venue rental ,29/06/2022,"56,174.00",Brisbane Convention & Exhibition Centre,CNR MERIVALE & GLENELG STS SOUTH BANK  QLD  4101,No,No,,,,,,,,,,General Goods & Services,,,29/06/2022,1900175392,29/10/2022
DoH_PD,33 Charlotte Street,Legal fees,29/06/2022,"12,317.80",Norton Rose Fulbright,"Level 21, 111 Eagle Street Brisbane  Qld 4000",No,No,,,,,,,,,,General Goods & Services,,,29/06/2022,32720868049,29/08/2022
DoH_PD,33 Charlotte Street,Course fees,20/07/2022,"13,033.90",Australian Institute Of Company,"Level 30, 20 Bond Street, Sydney  NSW  2000",No,No,,,,,,,,,,Information and Communication Technology,,,20/07/2022,11008484197,25/07/2022
DoH_PD,33 Charlotte Street,Digital Packs for 758 GP Practices VAD,28/09/2022,"31,667.72",Mediacom Australia Pty Ltd,"Level 1, 108 Wickham Street, Brisbane  Qld  4000",No,No,,,,,,,,,,General Goods & Services,,,28/09/2022,37000421018,13/10/2022
DoH_PD,33 Charlotte Street,Development of ICT system for Voluntary Assisted Dying Scheme,20/09/2022,"259,684.60",Modis Consulting Pty Ltd,"Level 19, 300 Adelaide Street",Yes,No,,,,,,,,,PD116184,Information and Communication Technology,SOA ICT9077,,20/09/2022,25076517354,27/06/2025
DoH_PD,33 Charlotte Street,ATHENA Program Economic Modelling,29/06/2022,"79,750.00",Triple Innovation Pty Ltd,SE 703 L7 155 KING ST / SYDNEY NSW 2000,No,No,,,,,,,,,,General Goods and Services,,,29/06/2022,40627615507,25/11/2022
DoH_PD,33 Charlotte Street,Clinical Trials Education and Training Sessions,27/04/2022,"38,390.00",Arcs Aust Limited(3022086),SE 802 28 CLARKE ST CROWS NEST NSW 2065,No,No,,,,,,,,,,General Goods and Services,,,27/04/2022,25050334444,30/06/2022
DoH_PD,33 Charlotte Street,Travel & Accomodation expenses,15/07/2022,"11,494.67",HRS Australasia Pty Ltd,"Level 35/03 60 Margaret St, Sydney NSW 2000",No,No,,,,,,,,,,General Goods & Services,,,15/07/2022,42006852991,9/12/2022
DoH_PD,33 Charlotte Street,Travel Air Fares,26/07/2022,"14,702.66",QANTAS Airways Limited,PO Box 766 BRISBANE  QLD  4001,No,No,,,,,,,,,,General Goods & Services,,,26/07/2022,16009661901,25/11/2022
DoH_PD,33 Charlotte Street,Virtual Clinical Education Program,5/10/2022,"11,000.00",THE UNIVERSITY OF QUEENSLAND,"The University of Queensland, St Lucia Qld 4067",No,No,,,,,,,,,PD98623-2,General Goods and Services,,,5/10/2022,63942912682,13/01/2023
DoH_PD,33 Charlotte Street,Travel Air Fares,14/10/2022,"10,492.82",Virgin Australia,56 Edmonston Street Bowen Hills Qld 4006,No,No,,,,,,,,,,General Goods and Services,,,26/07/2022,36090670965,9/12/2022
DoH_PD,33 Charlotte Street,Deliver an international hybrid conference,31/10/2022,"22,990.00",Griffith University,NATHAN CAMPUS 170 KESSELS RD NATHAN 4111,No,No,,,,,,,,,PD98623-3,General Goods & Services,,,31/10/2022,78106094461,23/12/2022
DoH_PD,33 Charlotte Street,Engagement activities with clinical trial networks (CTN) in Australia to boost the uptake of the teletrial model.,7/11/2022,"819,500.00",Australian Clinical Trials Alliance Ltd,L 2/24 SE 1 ALBERT RD SOUTH MELBOURNE  VIC  3205,No,No,Limited,a - (i) No tenders were submitted or no suppliers requested participation,,,,,,,,General Goods and Services,,,7/11/2022,60168693972,30/03/2024
DoH_PD,33 Charlotte Street,International Forum for Tissue Engineering and Regenerative Medicine,18/11/2022,"21,780.00",Queensland University Of Technology,L2/88 MUSK AVE KELVIN GROVE   QLD  4059,No,No,,,,,,,,,PD98623-4,General Goods and Services,,,18/11/2022,83791724622,6/01/2023
DoH_PD,33 Charlotte Street,COVID ATHENA ServiceNow Development Services,6/06/2022,"67,650.00",Jds Australia Pty Ltd,L19/123 Eagle Street Brisbane  Qld  4000,No,No,,,,,,,,,,General Goods and Services,SOA 92349,,6/06/2022,88471933631,29/06/2022
DoH_PD,33 Charlotte Street,Ethics Review Manager (ERM) Software - Statewide Solution ,7/12/2022,"445,613.64",Infonetica Ltd,"The Lower Ground Floor Office, The Civic Centre, High Street, Esher, KT10 9SD",No,No, , , , , , , , , ,Information and Communication Technology, , ,13/07/2022,96394859661,7/12/2023
