Agency (Dept or Stat Body),Agency address,Contract description/name,Award contract date,Contract value,Supplier name,Supplier address,Variation to contract (Yes/No),Specific confidentiality provision used,Procurement method,Reason for use of limited tendering,Form of contract,Number of offers sought,Evaluation criteria and weightings,Deliverables,Contract milestones,Contract performance management,Contract reference number,Contract category group,Parent contract number/SOA,Variation comments,Commence date,Supplier ABN,Finish date,,
DoH_PD,33 Charlotte Street,Ethics Review Manager (ERM) Software - Statewide Solution ,14/07/2021,"444,749.37",Infonetica Ltd,"The Lower Ground Floor Office, The Civic Centre, High Street, Esher, KT10 9SD",No,No, , , , , , , , ,PD113734,Information and Communication Technology, , ,14/07/2021,96394859661,13/07/2022, , 
DoH_PD,33 Charlotte Street,e-Recruitment online system - Yearly campaign configurations,1/07/2021,"88,129.54",Acendre Pty Ltd,L4/600 VICTORIA ST RICHMOND  VIC 3121,No,No,,,,,,,,,PD63038-1,General Goods & Services,,,1/07/2021,26079099282,31/03/2026,,
DoH_PD,33 Charlotte Street,Enhancements to State Wide Arborvirus Response and Mosquito Management System (SWARMMS) ,1/07/2021,"65,890.00",RAPID MAP GLOBAL PTY LTD,Suite 22 2 Enterprise Drive Bundoora VIC 3083 ,Yes,,,,,,,,,,PD101939,Information and Communication Technology,,,1/07/2022,25065883749,31/08/2023,,
DoH_PD,33 Charlotte Street,Professional Services,17/09/2021,"133,818.83",Jones Lang Lasalle (Qld) Pty Limited,L40/345 Queen Street Brisbane Q 4000,No,No,,,,,,,,,4301660358,General Goods & Services,,,17/09/2021,40010411140,30/06/2022,,
DoH_PD,33 Charlotte Street,Traditional Bases Interfacility Fixed Wing aero-medical services,23/04/2021,"17,325,374.56",ROYAL FLYING DOCTOR SERVICE OF AUSTRALIA QUEENSLAND SECTION ,12 CASUARINA STREET  BRISBANE AIRPORT QLD 4007 ,Yes,No,Limited,b - (iii) The absence of competition for technical reasons which can only be supplied by a particular supplier and no reasonable alternative exists,Deed of Variation,N/A,N/A,Provision of fixed wing pre-hospital and retrieval services.,N/A,Managed through contract meetings and Key Performance Indicators,PD80337,General Goods & Services,,,1/07/2021,45010316462,30/06/2022,,
DoH_PD,33 Charlotte Street,Provision of Non Traditional MRT Hours per annum fixed wing aero-medical services ,23/04/2021,"27,338,545.61",ROYAL FLYING DOCTOR SERVICE OF AUSTRALIA QUEENSLAND SECTION ,12 CASUARINA STREET  BRISBANE AIRPORT QLD 4007 ,Yes,No,Limited,b - (iii) The absence of competition for technical reasons which can only be supplied by a particular supplier and no reasonable alternative exists,Deed of Variation,N/A,N/A,Provision of fixed wing pre-hospital and retrieval services.,N/A,Managed through contract meetings and Key Performance Indicators,PD80338,General Goods & Services,,,1/07/2021,45010316462,30/06/2022,,
DoH_PD,33 Charlotte Street,Additional hours of fixed wing aero- medical services,23/04/2021,"11,400,445.76",ROYAL FLYING DOCTOR SERVICE OF AUSTRALIA QUEENSLAND SECTION ,12 CASUARINA STREET  BRISBANE AIRPORT QLD 4007 ,Yes,No,Limited,b - (iii) The absence of competition for technical reasons which can only be supplied by a particular supplier and no reasonable alternative exists,Deed of Variation,N/A,N/A,Provision of fixed wing pre-hospital and retrieval services.,N/A,Managed through contract meetings and Key Performance Indicators,PD80335,General Goods & Services,,,1/07/2021,45010316462,30/06/2022,,
DoH_PD,33 Charlotte Street,Provision of healthcare training,6/07/2021,"27,039.00",HealthCare Training Service,PO Box 426  ALBANY CREEK QLD 4035,No,No,,,,,,,,,,General Goods & Services,,,6/07/2021,44426764393,24/05/2022,,
DoH_PD,33 Charlotte Street,Travel Accomodation expenses,6/07/2021,"69,166.10",HRS Australasia Pty Ltd,"Level 35/03 60 Margaret St, Sydney NSW 2000",No,No,,,,,,,,,,General Goods & Services,,,6/07/2021,42006852991,30/06/2022,,
DoH_PD,33 Charlotte Street,Travel Air Fares,13/07/2022,"31,713.43",QANTAS Airways Limited,PO Box 766 BRISBANE  QLD  4001,No,No,,,,,,,,,,General Goods & Services,,,13/07/2022,16009661901,30/06/2022,,
DoH_PD,33 Charlotte Street,Travel Charges,23/07/2021,"15,442.34",Cabcharge Australia Limited,Locked Bag 8000  STRAWBERRY HILLS NSW 2012,No,No,,,,,,,,,,General Goods & Services,,,23/07/2021,22615032427,24/05/2022,,
DoH_PD,33 Charlotte Street,Architect - Patient Transfer Facility (Aeromedical Hub),8/02/2022,"159,084.75",Mode Design Corp Pty Ltd,"78 ANNERLEY RD, WOOLLOONGABBA   QLD  4102",No,No,,,,,,,,,,General Goods & Services,,,8/02/2022,65112807931,30/10/2023,,
DoH_PD,33 Charlotte Street,Legal advice contract development,16/02/2022,"153,730.26",Corrs Chambers Westgarth,"L35/1, EAGLE ST, BRISBANE  QLD  4000",Yes,No,,,,,,,,,PD111842,General Goods and Services,QGP0059-19,,16/02/2022,89690832091,30/09/2022,,
DoH_PD,33 Charlotte Street,Provision of aviation subject matter advice and undertaking audits,27/02/2022,"53,460.00",TECHSAFE AVIATION PTY LTD,BLDG 108.3  DA VINCI BUSINESS PARK Brisbane Airport  QLD  4009,Yes,No,,,,,,,,,PD109291,General Goods and Services,,,20/04/2021,24167390445,31/12/2022,,
DoH_PD,33 Charlotte Street,Travel Air Fares,28/02/2022,"11,606.21",Regional Express,"81-83 Baxter Rd  Mascot, NSW  2020 ",No,No,,,,,,,,,,General Goods & Services,,,28/02/2022,18099547270,30/06/2022,,
DoH_PD,33 Charlotte Street,Provision of Professional Quantity Surveryor Services,13/04/2022,"68,970.00",Turner & Townsend Pty Ltd,GPO Box 627 Brisbane  Qld  4001,No,No,,,,,,,,,PD112268,General Goods and Services,,,13/04/2022,84115688830,31/03/2024,,
DoH_PD,33 Charlotte Street,SOA Long Distance and/or High Acuity Air Ambulance Services,5/05/2022,"58,000,000.00",Lifeflight Commercial Limited; Aspen Medical Pty Ltd,PO Box 15166  CITY EAST QLD 4002; PO Box 231  Deakin West ACT 2600,No,No,Open,,Standing offer arrangement,6,,Provision of long distance/high acuity air ambulance services,,Managed through contract meetings and Key Performance Indicators,PD108744,General Goods and Services,PD108744,,1/07/2022,32105250413,30/06/2027,,
DoH_PD,33 Charlotte Street,Procurement and probity advice for new long term agreements,20/05/2022,"101,196.70",ConnellGriffin Pty Ltd ,L7/360 Kent Street Sydney   NSW  2000,Yes,No,,,,,,,,,PD111844,General Goods & Services,QGP0050-18,,20/05/2022,78162085592,30/09/2022,,
DoH_PD,33 Charlotte Street,Insurance cover,13/06/2022,"151,250.00",Marsh Pty Ltd,"Level 13, 111 Eagle Street, Brisbane  QLD  4000",No,No,,,,,,,,,,General Goods & Services,,,13/06/2022,31081358303,27/06/2022,,
DoH_PD,33 Charlotte Street,"Standing Offer Arrangement for the provision of fixed wing, pre-hospital and Inter-facility Transfer retrieval services ",24/06/2022,"1,046,760,000.00",ROYAL FLYING DOCTOR SERVICE OF AUSTRALIA QUEENSLAND SECTION ,12 CASUARINA STREET  BRISBANE AIRPORT QLD 4007 ,No,No,Limited,b - (iii) The absence of competition for technical reasons which can only be supplied by a particular supplier and no reasonable alternative exists,Standing offer arrangement,,,Provision of long distance/high acuity air ambulance services,,Managed through contract meetings and Key Performance Indicators,PD114804,General Goods & Services,PD114804,,1/07/2022,45010316462,30/06/2032,,
DoH_PD,33 Charlotte Street,Long Distance and/or High Acuity Air Ambulance Services contract,1/07/2018,"1,043,166.38",Lifeflight Commercial Limited,PO Box 15166  CITY EAST QLD 4002 ,No,No,Open,,standing offer arrangement,,,,,,PD91799,General Goods and Services,HSQ87340,,1/07/2018,45010316462,30/06/2022,,
DoH_PD,33 Charlotte Street,Temporary Contractor,7/03/2022,"85,731.36",HUDSON GLOBAL RESOURCES (AUST) PTY LIMITED ,LVL 17 CENTRAL PLAZA 2 66 EAGLE STREET Brisbane QLD 4000 ,No,No,,,,,,,,,PD106405-29,General Goods and Services,GGS0060,,7/03/2022,21002888762,30/06/2022,,
DoH_PD,33 Charlotte Street,Temporary Contractor,7/03/2022,"81,444.79",HUDSON GLOBAL RESOURCES (AUST) PTY LIMITED ,LVL 17 CENTRAL PLAZA 2 66 EAGLE STREET Brisbane QLD 4000 ,No,No,,,,,,,,,PD106405-30,General Goods and Services,GGS0060,,7/03/2022,21002888762,30/06/2022,,
DoH_PD,33 Charlotte Street,Temporary Contractor,24/03/2022,"40,976.41",HUDSON GLOBAL RESOURCES (AUST) PTY LIMITED ,LVL 17 CENTRAL PLAZA 2 66 EAGLE STREET Brisbane QLD 4000 ,No,No,,,,,,,,,PD106405-31,General Goods and Services,GGS0060,,24/03/2022,21002888762,15/07/2022,,
DoH_PD,33 Charlotte Street,Temporary Contractor,4/04/2022,"57,364.45",HUDSON GLOBAL RESOURCES (AUST) PTY LIMITED ,LVL 17 CENTRAL PLAZA 2 66 EAGLE STREET Brisbane QLD 4000 ,No,No,,,,,,,,,PD106405-32,General Goods and Services,GGS0060,,4/04/2022,21002888762,30/06/2022,,
DoH_PD,33 Charlotte Street,Contribution to National Audit Data Manager role for 21/22,7/04/2022,"12,458.60",Health Education & Training,Locked Bag 7118  PARRAMATTA NSW 2124,No,No,,,,,,,,,,General Goods and Services,,,7/04/2022,82914196002,3/05/2022,,
DoH_PD,33 Charlotte Street,Extension of contract for Electronic List of Approved Medicines Solution,27/04/2022,"682,159.50",HEALTHCARE SOFTWARE PTY LTD,"L10/39, Murray Street HOBART  TAS  7000",Yes,No,Limited,b - (iii) The absence of competition for technical reasons which can only be supplied by a particular supplier and no reasonable alternative exists,,,,,,,PD94309,Information and Communication Technology,Q19244,,27/04/2022,75094641755,27/09/2025,,
DoH_PD,33 Charlotte Street,Membership fees,29/04/2022,"10,120.00",Hg Leadership Pty Ltd,"SE 8  L 2  1 MCLAREN ST, NORTH SYDNEY  NSW  2059",No,No,,,,,,,,,4302123751,General Goods and Services,,,29/04/2022,56627036855,30/06/2022,,
DoH_PD,33 Charlotte Street,Assurance Review,26/05/2022,"15,290.00",Information Professional Holdings,"PO Box 15390, City East QLD 4002",No,No,,,,,,,,,PD116071,Information and Communication Technology,ICT9281AS92,,26/05/2022,98164080200,13/07/2022,,
DoH_PD,33 Charlotte Street,System improvements,18/05/2022,"27,720.00",Modis Consulting Pty Ltd,L19/300 Adelaide Street BRISBANE  QLD  4000,Yes,No,,,,,,,,,PD108992,Information and Communication Technology,,,18/05/2022,25076517354,30/06/2022,,
DoH_PD,33 Charlotte Street,Provision of Wellbeing at Work training to medical interns in Qld ,1/07/2017,"193,624.09",Ama Queensland,"88 L'ESTRANGE TCE, KELVIN GROVE  QLD  4059",No,No,,,,,,,,,PD90842,General Goods and Services,,,1/07/2017,17009660280,31/12/2021,,
DoH_PD,33 Charlotte Street,Travel Accomodation expenses,20/07/2021,"16,776.22",HRS Australasia Pty Ltd,"Level 35/03 60 Margaret St, Sydney NSW 2000",No,No,,,,,,,,,,General Goods & Services,,,20/07/2021,42006852991,30/06/2022,,
DoH_PD,33 Charlotte Street,Travel Air Fares,6/07/2021,"13,603.07",QANTAS Airways Limited,PO Box 766 BRISBANE  QLD  4001,No,No,,,,,,,,,,General Goods & Services,,,13/07/2022,16009661901,30/06/2022,,
DoH_PD,33 Charlotte Street,Asset Company Extracts ,20/07/2021,"15,226.31",GLOBALX LEGAL SOLUTIONS (DYE & DURHAM SOLUTIONS PTY LTD),"Level 6, West Tower, 410 Ann St, Brisbane  QLD 4000",No,No,,,,,,,,,,General Goods & Services,,,20/07/2021,35099032596,30/06/2022,,
DoH_PD,33 Charlotte Street,Recruitment services,25/06/2021,"10,824.00",Merit Solutions Pty Ltd,SE 19 L 5  320 ADELAIDE ST BRISBANE  QLD  4000,No,No,,,,,,,,,,General Goods and Services,,,25/06/2021,76995128987,2/11/2021,,
DoH_PD,33 Charlotte Street,Changes to Vaccine Management System,7/10/2021,"425,397.50",NTT AUSTRALIA DIGITAL PTY LTD,201 SUSSEX ST DARLING PARK  NSW  2000,Yes,No,,,,,,,,,PD110559,Information and Communication Technology,ICT 9077,,7/10/2021,31100103268,12/05/2026,,
DoH_PD,33 Charlotte Street,Notifiable Conditions System (NoCs) Replacement  - System enhancements,30/12/2021,"2,112,585.28",Sunquest Information Systems P/L,Level 6 Suite 2 410 Ann Street Brisbane Qld 4000 ,Yes,No,Limited,,,,,,,,PD99134,Information and Communication Technology,,,30/12/2021,32620052404,14/05/2025,,
DoH_PD,33 Charlotte Street,ICT Contingency Labour,7/02/2022,"60,072.32",Allegis Global Solutions,L19/99 Walker Street North Sydney NSW 2060,No,No,,,,,,,,,PD106367-39,Information and Communication Technology,GGS0060,,7/02/2022,70600569784,30/06/2022,,
DoH_PD,33 Charlotte Street,Student Research Agreement,14/02/2022,"127,050.00",Australian National University,Australian National University ACTON  ACT  2601,No,No,,,,,,,,,PD113807,General Goods and Services,,,14/02/2022,52234063906,8/12/2023,,
DoH_PD,33 Charlotte Street,Temporary Contractor,22/02/2022,"35,120.38",Davidson Recruitment Pty Ltd,L10/295 ANN ST BRISBANE  QLD  4000,No,No,,,,,,,,,PD106404-13,General Goods and Services,GGS0060,,22/02/2022,50167132523,30/06/2022,,
DoH_PD,33 Charlotte Street,Temporary Contractor,28/02/2022,"41,556.56",Mcarthur Management Services,"L 17/241 Adelaide Street, BRISBANE  QLD  4000",No,No,,,,,,,,,PD113736-1,General Goods and Services,GGS0060,,28/02/2022,51078078341,30/06/2022,,
DoH_PD,33 Charlotte Street,Light traps for mosquito surveillance,3/03/2022,"12,644.50",Pacific Biologics Pty Ltd,"35 BEACH ST, KIPPA RING  QLD  4021",No,No,,,,,,,,,4302007116/4302007117,General Goods and Services,,,3/03/2022,85089782696,4/03/2022,,
DoH_PD,33 Charlotte Street,ICT Contingency Labour,10/03/2022,83462.4,Allegis Global Solutions,L19/99 Walker Street North Sydney NSW 2060,No,No,,,,,,,,,PD106367-38,Information and Communication Technology,GGS0060,,10/03/2022,70600569784,30/06/2022,,
DoH_PD,33 Charlotte Street,Temporary Contractor,16/03/2022,"29,674.15",Davidson Recruitment Pty Ltd,L10/295 ANN ST BRISBANE  QLD  4000,No,No,,,,,,,,,PD106404-14,General Goods and Services,GGS0060,,16/03/2022,50167132523,30/06/2022,,
DoH_PD,33 Charlotte Street,Influenza material and mailing/distribution costs,16/03/2022,"14,899.81",The Buckner Group Pty Ltd,71 BASALT ST GEEBUNG  QLD  4034,No,No,,,,,,,,,4302034869,General Goods and Services,,,16/03/2022,47009739422,23/03/2022,,
DoH_PD,33 Charlotte Street,ICT Contingency Labour,2/05/2022,"45,070.74",Allegis Global Solutions,L19/99 Walker Street North Sydney NSW 2060,Yes,No,,,,,,,,,PD106367-36,Information and Communication Technology,GGS0060,,2/05/2022,70600569784,30/06/2022,,
DoH_PD,33 Charlotte Street,QC Condom Distribution Program,12/05/2022,39889,Sax Health Care Pty Ltd,"2/6B RAILWAY AVE, OAKLEIGH  VIC  3166",No,No,,,,,,,,,,General Goods and Services,,,12/05/2022,70092615480,22/05/2022,,
DoH_PD,33 Charlotte Street,ICT Contingency Labour,13/06/2022,"81,394.90",Allegis Global Solutions,L19/99 Walker Street North Sydney NSW 2060,Yes,No,,,,,,,,,PD106367-34,Information and Communication Technology,GGS0060,,13/06/2022,70600569784,30/09/2022,,
DoH_PD,33 Charlotte Street,Pilot Project Queensland Green & Healthy Hospitals,23/06/2021,"11,000.00",Climate and Health Alliance,PO Box 343 CLIFTON HILL VIC  3148,No,No,,,,,,,,,PD111867,General Goods and Services,,,23/06/2021,75260386455,30/06/2021,,
DoH_PD,33 Charlotte Street,Photocopier Charges,25/06/2021,"22,507.34",Ricoh Australia Pty Ltd,Locked Bag 2044 / NORTH RYDE NSW 1670,No,No,,,,,,,,,,General Goods and Services,,,25/06/2021,30000593171,30/05/2022,,
DoH_PD,33 Charlotte Street,Legal fees,29/06/2021,"77,020.01",Minter Ellison,WATERFRONT PLACE L 22 1 EAGLE STREET BRISBANE  QLD  4000,No,No,,,,,,,,,,General Goods and Services,QGP0059-19,,29/06/2021,91556716819,21/06/2022,,
DoH_PD,33 Charlotte Street,Temporary Contractor,14/02/2022,"43,120.88",RANDSTAD PTY LIMITED,GPO Box 4640 SYDNEY 2000 ,No,No,,,,,,,,,PD106403-15,General Goods and Services,GGS0060,,14/02/2022,28080275378,30/06/2022,,
DoH_PD,33 Charlotte Street,Temporary Contractor,21/02/2022,"40,964.84",RANDSTAD PTY LIMITED,GPO Box 4640 SYDNEY 2000 ,No,No,,,,,,,,,PD106403-16,General Goods and Services,GGS0060,,21/02/2022,28080275378,30/06/2022,,
DoH_PD,33 Charlotte Street,Health Star Rating - QLD Contribution 2021-2023,25/02/2022,"177,183.51",Department Of Health,GPO Box 9848  CANBERRA  ACT  2601,No,No,,,,,,,,,,General Goods and Services,,,25/02/2022,83605426759,10/03/2022,,
DoH_PD,33 Charlotte Street,Temporary Contractor,28/03/2022,"30,184.62",RANDSTAD PTY LIMITED,GPO Box 4640 SYDNEY 2000 ,No,No,,,,,,,,,PD106403-17,General Goods and Services,GGS0060,,28/03/2022,28080275378,30/06/2022,,
DoH_PD,33 Charlotte Street,Legal fees,31/03/2022,"16,387.53",Mccullough Robertson Lawyers,GPO BOX 1855 BRISBANE QLD 4001,No,No,,,,,,,,,,General Goods and Services,QGP0059-19,,31/03/2022,42721345951,19/05/2022,,
DoH_PD,33 Charlotte Street,Temporary Contractor,4/04/2022,"31,870.41",RANDSTAD PTY LIMITED,GPO Box 4640 SYDNEY 2000 ,No,No,,,,,,,,,PD106403-18,General Goods and Services,GGS0060,,4/04/2022,28080275378,30/06/2022,,
DoH_PD,33 Charlotte Street,Climate Risk Assessment Guidance Training ,11/04/2022,"94,175.40",Griffith University,NATHAN CAMPUS 170 KESSELS RD NATHAN 4111,No,No,,,,,,,,,PD116183,General Goods and Services,,,11/04/2022,78106094461,10/04/2023,,
DoH_PD,33 Charlotte Street,Temporary Contractor,19/04/2022,"30,927.82",RANDSTAD PTY LIMITED,GPO Box 4640 SYDNEY 2000 ,No,No,,,,,,,,,PD106403-20,General Goods and Services,GGS0060,,19/04/2022,28080275378,22/07/2022,,
DoH_PD,33 Charlotte Street,Temporary Contractor,27/04/2022,"22,091.30",RANDSTAD PTY LIMITED,GPO Box 4640 SYDNEY 2000 ,No,No,,,,,,,,,PD106403-19,General Goods and Services,GGS0060,,27/04/2022,28080275378,30/06/2022,,
DoH_PD,33 Charlotte Street,Membership fees,25/05/2022,"20,379.70",Water Research Australia Ltd,L2/250 VICTORIA SQ ADELAIDE  SA  5000,No,No,,,,,,,,,,General Goods and Services,,,25/05/2022,32127974261,23/06/2022,,
DoH_PD,33 Charlotte Street,Jurisdictional contribution enHealth,9/06/2022,"12,186.00",Environmental Health Australia,PO Box 2222 FORTITUDE VALLEY BC QLD 4006,No,No,,,,,,,,,,General Goods and Services,,,9/06/2022,58000031998,30/06/2022,,
DoH_PD,33 Charlotte Street,Office Furniture,6/06/2022,"16,490.02",Empire Office Furniture,1928 SANDGATE RD VIRGINIA QLD 4014,No,No,,,,,,,,,4302202523,General Goods and Services,DET SOA 68449 ,,6/06/2022,33268623611,30/06/2022,,
DoH_PD,33 Charlotte Street,Funding for research project,7/06/2022,"11,000.00",Water Research Australia Ltd,L2/250 VICTORIA SQ ADELAIDE  SA  5000,No,Yes,,,,,,,,,,General Goods and Services,,,7/06/2022,32127974261,17/06/2022,,
DoH_PD,33 Charlotte Street,Badges for use by Enforcement Officers,7/06/2022,"11,796.84",Cash'S Awards And Promotion Solutions,17 TOOYAL ST FRANKSTON  VIC  3199,No,No,,,,,,,,,4302205943,General Goods and Services,,,7/06/2022,90167060602,30/06/2022,,
DoH_PD,33 Charlotte Street,Advisory Services,15/06/2022,"20,240.00",Esri Australia Pty Ltd,"L3/111 ELIZABETH ST, BRISBANE   QLD  4000",No,No,,,,,,,,,PD108996,Information and Communication Technology,,,15/06/2022,16008852775,15/03/2022,,
DoH_PD,33 Charlotte Street,QITC Comprehensive Contract for ICT Products and Services Navigate Enhancements,28/09/2021,"267,264.80",CUSTOMER MANAGEMENT TECHNOLOGIES,PO Box 2311 Fortitude Valley Qld 4006,Yes,No,,,,,,,,,PD73437-2,Information and Communication Technology,,,28/09/2021,93084752983,30/06/2022,,
DoH_PD,33 Charlotte Street,BreastScreen Queensland Online Portal,14/11/2021,"146,823.90",Dialog Information Technology,"Level 7 35 Boundary Street, South Brisbane 4101",No,No,,,,,,,,,PD113195,Information and Communication Technology,ICT7698B,,14/11/2021,1601009175,13/11/2022,,
DoH_PD,33 Charlotte Street,Tree planning & planting guidance data,2/03/2022,"33,000.00",University Of Southern Queensland,499-565 WEST ST  TOOWOOMBA   QLD  4350,No,No,,,,,,,,,4302004129,General Goods and Services,,,2/03/2022,40234732081,30/06/2022,,
DoH_PD,33 Charlotte Street,"Design and development of materials, communication plan &  logo",9/03/2022,"28,744.10",The Social Deck Pty Ltd,"32 Sunshine Beach Road, Noosa Heads  Qld 4567",No,No,,,,,,,,,,General Goods and Services,,,9/03/2022,94366395064,31/05/2022,,
DoH_PD,52 Charlotte Street,BSQ Website Redevelopment,14/03/2022,"33,000.00",Folk Pty Ltd,5 Albion Street Annandale NSW 2038,No,No,,,,,,,,,4302026958,General Goods and Services,,,14/03/2022,87073263457,30/06/2022,,
DoH_PD,33 Charlotte Street,Smoking Cessation Clinical training,16/03/2022,"39,050.00",Youwillconsume Pty Ltd,"L 1/149 Wickham Terrace, Spring Hill Qld  4000",No,No,,,,,,,,,4302033191,General Goods and Services,,,16/03/2022,31117521552,30/06/2022,,
DoH_PD,33 Charlotte Street,Scoping Project - Walkability,25/03/2022,"37,356.00",Bull & Bear Economics Pty Ltd,"17 /174 BARRY PDE, FORTITUDE VALLEY   QLD   4006",No,No,,,,,,,,,4302054542,General Goods and Services,,,25/03/2022,54649852586,30/06/2022,,
DoH_PD,33 Charlotte Street,Design Software applications,4/04/2022,"27,500.00",Csiro,"1 TECHNOLOGY CT, PULLENVALE  QLD  4069",No,No,,,,,,,,,4302072163,General Goods and Services,,,4/04/2022,41687119230,30/06/2022,,
DoH_PD,33 Charlotte Street,Multi -Sectoral collaborative network,4/04/2022,"11,000.00",The University Of Queensland,"The University Of Queensland, St Lucia  Qld  4072",No,No,,,,,,,,,4302072166,General Goods and Services,,,4/04/2022,63942912684,30/06/2022,,
DoH_PD,33 Charlotte Street,2021/22 VMO BreastScreening,12/04/2022,"11,786.48",Natalie Lawrence Radiology Pty Ltd,,No,No,,,,,,,,,4302090599,General Goods and Services,,,12/04/2022,61656478849,30/06/2022,,
DoH_PD,33 Charlotte Street,Support & Maintenance SPR Dashboard,20/04/2022,"17,600.00",Aginic Holdings Pty Ltd,"L1/135 WICKHAM TCE, SPRING HILL  QLD  4006",No,No,,,,,,,,,4302104385,General Goods and Services,,,20/04/2022,89618003419,28/10/2022,,
DoH_PD,33 Charlotte Street,Smoking Reduction Reform,16/05/2022,"98,218.00",Allen+Clarke Consulting,"L17/600 Bourke Street, Melbourne Vic  3000",No,No,,,,,,,,,4302156740,General Goods and Services,,,16/05/2022,26984786813,31/07/2022,,
DoH_PD,33 Charlotte Street,Funding 1 yr Prevention Centre,17/05/2022,"220,000.00",The Sax Institute,"L13/235 JONES ST, ULTIMO  NSW  2007",No,No,,,,,,,,,4302157957,General Goods and Services,,,17/05/2022,68095542886,30/06/2023,,
DoH_PD,33 Charlotte Street,Prevention Research Project,22/05/2022,"154,000.00",Queensland University Of Technology,"5/88 MUSK AVE, KELVIN GROVE  QLD  4059",No,No,,,,,,,,,PD116185,General Goods and Services,,,22/05/2022,83791724622,21/11/2025,,
DoH_PD,33 Charlotte Street,No Smoking signs & stickers,30/05/2022,"28,017.00",Konica Minolta Marketing Services,L4/503-505 Kent Street Sydney 2000,No,No,,,,,,,,,4302186166,General Goods and Services,,,30/05/2022,59108768083,30/06/2022,,
DoH_PD,33 Charlotte Street,Leadership Capability Assessment,31/05/2022,"18,099.40",Hudson Global Resources (Aust) P/L,"L19/20 BOND ST,  SYDNEY  NSW  2000",No,No,,,,,,,,,4302189320,General Goods and Services,PSC18-2017,,31/05/2022,21002888762,30/06/2022,,
DoH_PD,33 Charlotte Street,High level evidence brief,6/06/2022,"44,550.00",Menzies School Of Health Research,"Menzies School of Research, CASUARINA, 0811",No,No,,,,,,,,,4302205004,General Goods and Services,,,6/06/2022,70413542847,30/06/2022,,
DoH_PD,33 Charlotte Street,Sunscreen - Safer Schoolies Initiative,10/06/2022,"25,197.88",Vitality Brands Worldwide P/L,"L2/451 RIVERSDALE RD HAWTHORN EAST, VIC  3123",No,No,,,,,,,,,4302217354,General Goods and Services,,,10/06/2022,76098370195,30/06/2022,,
DoH_PD,33 Charlotte Street,Review & Update of CALD Resource,13/06/2022,"10,208.00",True Relationships & Reproductive,"BLDG 1 230 LUTWYCHE RD, WINDSOR  QLD  4030",No,No,,,,,,,,,4302219370,General Goods and Services,,,13/06/2022,61009860164,30/06/2022,,
DoH_PD,33 Charlotte Street,Web Publisher,13/06/2022,"23,100.00",Liquid Sky Pty Ltd,"131 WICKHAM TCE, SPRING HILL  QLD  4000",No,No,,,,,,,,,4302219364,General Goods and Services,,,13/06/2022,14091844503,31/10/2022,,
DoH_PD,33 Charlotte Street,Campaign material,16/06/2022,"26,928.00",Branded Products,"3/10 LAKEWOOD BVD, CARRUM DOWNS  VIC  3201",No,No,,,,,,,,,4302228929,General Goods and Services,,,16/06/2022,36367285695,30/06/2022,,
DoH_PD,33 Charlotte Street,Breast Screen Tosca Workshop,29/06/2022,"35,200.00",Tricentis Apac Pty Ltd,"L3/2-12 FOVEAUX ST, SURREY HILLS  NSW  2010",No,No,,,,,,,,,4302258564,General Goods and Services,,,29/06/2022,59143271130,30/06/2023,,
DoH_PD,33 Charlotte Street,UQ Project_N95 Mask Fitment,12/08/2021,"55,000.00",Griffith University,170 Kessels Rd  NATHAN QLD 4111,No,No,,,,,,,,,PD110258-1,General Goods & Services,,,12/08/2021,63942912684,30/12/2021,,
DoH_PD,33 Charlotte Street,Licence and Support Fees - Access My Health,1/10/2021,"1,287,972.40",Community Information Support,"L1/5 GREEN SQUARE CLOSE, FORTITUDE VALLEY  QLD  4006",No,No,,,,,,,,,PD112832,Information and Communication Technology,,,1/10/2021,30143384043,30/06/2022,,
DoH_PD,33 Charlotte Street,Training workforce in genomics,24/03/2022,"87,285.00",Check Up Australia,PO Box 3205  SOUTH BRISBANE QLD 4101,No,No,,,,,,,,,4302051731,General Goods & Services,,,24/03/2022,56123426111,30/06/2022,,
DoH_PD,33 Charlotte Street,Temporary Contractor,25/04/2022,"22,400.77",Robert Walters Pty Ltd,L41/385 BOURKE ST  MELBOURNE VIC 3000,No,No,,,,,,,,,PD116555-1,General Goods & Services,,,25/04/2022,18079521618,26/06/2022,,
DoH_PD,33 Charlotte Street,Proof of Concept - best uses of data and decision support,14/04/2022,"291,500.00",Beamtree Pty Ltd,16 EVELEIGH ST  REDFERN NSW 2016,No,No,,,,,,,,,PD114114,Information and Communication Technology,,,14/04/2021,27139588088,14/01/2023,,
DoH_PD,33 Charlotte Street,Review processes for grant submissions,17/06/2022,"90,750.00",Australian Medical Research Solutions,109 BOLAN ST  BULIMBA QLD 4171,No,No,,,,,,,,,4302232296,General Goods & Services,,,17/06/2022,80984412760,30/06/2022,,
DoH_PD,33 Charlotte Street,Demonstration of sepsis prediction tool,20/06/2022,"110,000.00",Datarwe Pty Ltd,16 NEXUS WAY  SOUTHPORT QLD 4215,No,No,,,,,,,,,4302235212,General Goods & Services,,,20/06/2022,81631636952,30/06/2022,,
DoH_PD,33 Charlotte Street,Mob Link&Virtual Care Team COVID Service,10/06/2022,"880,000.00",Institute For Urban Indigenous,PO Box 5638  WEST END QLD 4101,No,No,,,,,,,,,PD116350,General Goods & Services,,,10/06/2022,32140019290,30/06/2022,,
DoH_PD,33 Charlotte Street,COVID Critical and ATERCOR Projects,1/07/2022,"330,000.00",The Prince Charles Hospital,GPO BOX 3175 BRISBANE QLD 4001,No,No,,,,,,,,,PD115399,General Goods & Services,,,1/07/2022,34853168302,30/06/2023,,
DoH_PD,33 Charlotte Street,Expansion CCHEP support CALD community,9/03/2022,"611,008.20",Mater Misericordiae Ltd,PO Box 8058 WOOLLOONGABBA QLD 4101,No,No,,,,,,,,,PD116345,General Goods & Services,,,9/03/2022,83096708922,31/12/2022,,
DoH_PD,33 Charlotte Street,Beyond Surviving to Thriving,10/05/2022,"33,000.00",The Change Agency Pty. Ltd.,PO Box 212  SAMFORD QLD 4520,No,No,,,,,,,,,,General Goods & Services,,,10/05/2022,71010905076,8/06/2022,,
DoH_PD,33 Charlotte Street,Employee Assistance Services,30/07/2021,"20,175.02",BENESTAR GROUP PTY LTD ,PO Box Q1436  SYDNEY NSW 1230,No,No,,,,,,,,,,General Goods & Services,,,30/07/2021,61003536472,18/02/2002,,
DoH_PD,33 Charlotte Street,Project Assurance services,4/02/2022,"178,860.00",Deloitte Touche Tohmatsu,L25  26 RIVERSIDE CNT 123 EAGLE ST  BRISBANE  QLD  4001,No,No,,,,,,,,,PD113757,General Goods & Services,,,4/02/2022,89690832091,30/11/2022,,
DoH_PD,33 Charlotte Street,Probity Advisory services,18/02/2022,"5,717.25",Management Options Pty Ltd,"76 Leone Street Bray Park, Qld, 4500",No,No,,,,,,,,,PD113802,General Goods & Services,,,18/02/2022,95109822406,17/11/2022,,
DoH_PD,33 Charlotte Street,Recruitment of Review Board members,7/03/2022,"89,760.00",Directors Australia Pty Ltd,"PO Box 3018, South Brisbane BC, Qld 4101",No,No,,,,,,,,,PD114069,General Goods & Services,,,7/03/2022,88096130577,1/09/2022,,
DoH_PD,33 Charlotte Street,Development of an online educational module for healthcare workers in Queensland,5/05/2022,"73,667.00",Queensland University Of Technology,GPO Box 2434 Brisbane  Qld  4001,Yes,No,,,,,,,,,PD113651,General Goods & Services,DET-SOA 69587,,5/05/2022,83791724622,30/11/2023,,
DoH_PD,33 Charlotte Street,Development of ICT system for Voluntary Assisted Dying Scheme,28/06/2022,"1,349,552.06",Modis Consulting Pty Ltd,"Level 19, 300 Adelaide Street",No,No,Open,,,,,,,,PD116184,Information and Communication Technology,SOA ICT9077,,28/06/2022,25076517354,27/06/2025,,
DoH_PD,33 Charlotte Street,Legal Fees,29/06/2021,"44,758.16",Minter Ellison,WATERFRONT PLACE L 22 1 EAGLE STREET BRISBANE  QLD  4000,No,No,,,,,,,,,,General Goods and Services,,,29/06/2021,91556716819,28/09/2021,,
DoH_PD,33 Charlotte Street,Database of Research Activity Institutional Repository Agreement,29/06/2021,"196,266.14",Ebsco Australia,LEVEL 8/132 ARTHUR STREET NORTH SYDNEY  NSW  2060,No,No,,,,,,,,,,Information and Communication Technology,,,29/06/2021,51002260602,28/06/2026,,
DoH_PD,33 Charlotte Street,Strategic Advisory Services - extension,23/09/2021,"104,500.00",Arun Sharma,6 Beeston Street Teneriffe  Qld 4005,Yes,No,,,,,,,,,"PD114206 
LN21/1163",General Goods and Services,"HIIRO Ref 
20190926",Second variation/ extension,26/09/2019,95361084195,29/09/2022,,
DoH_PD,33 Charlotte Street,Establish PARTNER Network ,1/03/2022,"4,502,876.40",University Of Melbourne,University of Melbourne  PARKVILLE  VIC  3010,No,No,Limited,a - (i) No tenders were submitted or no suppliers requested participation,,,,,,,PD113774,General Goods and Services,,,1/03/2022,84002705224,31/12/2026,,
DoH_PD,33 Charlotte Street,Design & Deliver National Evaluation,1/04/2022,"2,079,261.80",James Cook University,ANGUS SMITH DR TOWNSVILLE  QLD 4811,No,No,Limited,a - (i) No tenders were submitted or no suppliers requested participation,,,,,,,PD113865-1,General Goods and Services,,,1/04/2022,46253211955,31/12/2026,,
DoH_PD,33 Charlotte Street,Design & Deliver National Evaluation,1/04/2022,"2,079,261.80",Queensland University Of Technology,L2/88 MUSK AVE KELVIN GROVE   QLD  4059,No,No,Limited,a - (i) No tenders were submitted or no suppliers requested participation,,,,,,,PD113865,General Goods and Services,,,1/04/2022,83791724622,31/12/2026,,
DoH_PD,33 Charlotte Street,Facilitator Clinical Trials Workshops,1/04/2022,"89,100.00",Shape Consulting Pty Ltd,"L 15/10 Market Street, Brisbane Qld 4000",No,No,,,,,,,,,4302194688,General Goods and Services,,,30/06/2022,60618514426,30/06/2022,,
DoH_PD,33 Charlotte Street,Conference fees,22/04/2022,"13,565.00",ARCS AUSTRALIA LIMITED,SE 802 28 CLARKE ST / CROWS NEST NSW 2065,No,No,,,,,,,,,,General Goods and Services,,,22/04/2022,25050334444,13/05/2022,,
DoH_PD,33 Charlotte Street,Temporary Contractor,24/05/2022,"72,849.38",Hays Specialist Recruitment (Aust),L11/2 CHIFLEY SQ SYDNEY   NSW  2000,No,No,,,,,,,,,PD106402-3,General Goods and Services,GGS0060,,24/05/2022,47001407281,24/10/2022,,
DoH_PD,33 Charlotte Street,"Website creation, training & hosting",24/05/2022,"12,375.00",Digital8 Projects Pty Ltd,17 CORDELIA ST SOUTH BRISBANE  QLD 4101,No,No,,,,,,,,,4302175498,General Goods and Services,,,24/05/2022,56617663546,30/06/2022,,
DoH_PD,33 Charlotte Street,National Community Engagement Plan Development,2/06/2022,"30,346.80",Consumers Health Forum Of Australia,PO Box 73 DEAKIN WEST ACT 2600,No,No,,,,,,,,,4302197989,General Goods and Services,,,2/06/2022,82146988927,30/07/2022,,
DoH_PD,33 Charlotte Street,Industry Insight Service for Teletrials,17/06/2022,"415,525.00",Iqvia Solutions Aust P/L,L 8/201 PACIFIC HWY ST LEONARDS  NSW  2065,No,No,,,,,,,,,PD116488,General Goods and Services,,,17/06/2022,19000967859,15/12/2022,,
DoH_PD,33 Charlotte Street,QHPDC International Symposium,17/06/2022,"24,475.00",James Cook University,1 JAMES COOK DRIVE DOUGLAS QLD 4811,No,No,,,,,,,,,LN22/529,General Goods and Services,,,17/06/2022,46253211955,19/08/2022,,
DoH_PD,33 Charlotte Street,Subscription licence to access Pharma Industry Intelligence Centre for Clinical Trials,22/06/2022,"112,616.81",GlobalData Uk Ltd,"John Carpenter House, John Carpenter Street, London, EC4Y OAN",No,No,,,,,,,,,,Information and Communication Technology,,,22/06/2022,,21/06/2024,,
DoH_PD,33 Charlotte Street,Website content design and copyright services,13/05/2022,"21,940.55",New Word Order Pty Ltd,205 JULIETTE ST GREENSLOPES  QLD  4120,No,No,,,,,,,,,PD117261,Information and Communication Technology,QGP0056-18,,13/05/2022,31650589950,30/06/2022,,
DoH_PD,33 Charlotte Street,Education & training for clinical trials,30/06/2022,"70,039.20",Praxis Australia Limited,129 GLEN OSMOND RD EASTWOOD  SA  5063,No,No,,,,,,,,,4302261969,General Goods and Services,QGP0050-18,,30/06/2022,14605478911,30/06/2022,,
DoH_PD,33 Charlotte Street,Marquee hire and equipment ,10/06/2021,"33,328.19",Queensland Hire,195 Musgrave Road Coopers Plains  Qld  4108,No,No,,,,,,,,,,General Goods and Services,,,10/06/2021,69647146352,19/10/2021,,
DoH_PD,33 Charlotte Street,Vaccination Hub,11/06/2021,"35,381.50",St Johns Ambulance,225 ST PAULS TCE FORTITUDE VALLEY  QLD  4006,No,No,,,,,,,,,4301438700,General Goods and Services,,,11/06/2021,74264019231,23/06/2021,,
DoH_PD,33 Charlotte Street,Vaccine Refrigeration materials,14/06/2021,"11,792.00",Cryolux Australia,EPPING RD SYDNEY NSW 2113,No,No,,,,,,,,,,General Goods and Services,,,14/06/2021,26627872754,19/10/2021,,
DoH_PD,33 Charlotte Street,Signage and forms vaccination centres,17/06/2021,"17,246.28",Colour Chiefs Pty Ltd,41 VICTORIA ST WINDSOR  QLD  4030,No,No,,,,,,,,,,General Goods and Services,,,10/08/2021,13082488695,15/10/2021,,
DoH_PD,33 Charlotte Street,Vaccine Refrigeration,25/06/2021,"57,181.52",Csk Group And Labtronics,5/38 LIMESTONE ST DARRA  QLD  4076,No,No,,,,,,,,,,General Goods and Services,,,25/06/2021,59631846654,22/09/2021,,
DoH_PD,33 Charlotte Street,Vaccine Refrigeration materials,6/07/2021,"30,919.06",Onsolution Pty Ltd,l17/7 HOYLE AVE CASTLE HILL NSW  2154,No,No,,,,,,,,,,General Goods and Services,,,6/07/2021,59631846654,21/10/2021,,
DoH_PD,33 Charlotte Street,Travel Air Fares,20/07/2021,"14,439.88",QANTAS Airways Limited,PO Box 766 BRISBANE  QLD  4001,No,No,,,,,,,,,,General Goods & Services,,,20/07/2022,16009661901,23/11/2021,,
DoH_PD,33 Charlotte Street,Promotional products,30/07/2021,"53,234.39",Corporate Designs Pty Ltd,15 TOMBO ST  CAPALABA QLD 4157,No,No,,,,,,,,,,General Goods and Services,,,30/07/2021,45072203788,19/10/2021,,
DoH_PD,33 Charlotte Street,Temporary Contractor,1/08/2021,"10,942.40",Hudson Global Resources (Aust) P/L,GPO BOX 3951  SYDNEY NSW 2001,No,No,,,,,,,,,,General Goods and Services,,,1/08/2021,21002888762,15/08/2021,,
DoH_PD,33 Charlotte Street,Workforce & supply review COVID vaccine,2/08/2021,"1,990,647.45",Kpmg,"LVL 16, RIPARIAN PLAZA, 71 EAGLE ST, BRISBANE   QLD  4000",No,No,Open,,,,,,,,PD111884,General Goods and Services,QG0050-18 (T1),,2/08/2021,51194660183,3/12/2021,,
DoH_PD,33 Charlotte Street,Vaccine Refrigeration materials,10/08/2021,"18,386.50",Enlake Enterprises,110 GLOUCESTER ST  TEMORA NSW 2666,No,No,,,,,,,,,,General Goods and Services,,,10/08/2021,43282343478,19/10/2021,,
DoH_PD,33 Charlotte Street,Office Supplies & consumables for Vaccinne hubs and sites,10/08/2021,"14,815.58",OFFICEWORKS LTD,"236-262 E Boundary Rd, Bentleigh East VIC 3165",No,No,,,,,,,,,,General Goods and Services,,,10/08/2021,36004763526,23/11/2021,,
DoH_PD,33 Charlotte Street,Printing of promotional material,18/08/2021,"119,821.59",Konica Minolta Marketing Services,L 2/383 GEORGE ST  SYDNEY NSW 2000,No,No,,,,,,,,,,General Goods and Services,,,18/08/2021,59108768083,28/10/2021,,
DoH_PD,33 Charlotte Street,Refrigeration materials,30/08/2021,"19,580.00",Rollex Group Australia Pty Ltd,11 VANGELI ST ARNDELL PARK  NSW  2148,No,No,,,,,,,,,4301401353,General Goods and Services,,,30/08/2021,40138988315,30/08/2021,,
DoH_PD,33 Charlotte Street,Office Stationary & consumables,31/08/2022,"12,409.10",Winc Australia Pty Ltd,Private Bag 16  ALEXANDRIA NSW 1435,No,No,,,,,,,,,,General Goods and Services,,,31/08/2022,94000728398,6/04/2022,,
DoH_PD,33 Charlotte Street,Signature polos & vests,3/09/2021,"77,834.35",Corporate Designs Pty Ltd,15 TOMBO ST  CAPALABA QLD 4157,No,No,,,,,,,,,,General Goods and Services,,,3/09/2021,45072203788,27/10/2021,,
DoH_PD,33 Charlotte Street,Despatch clinical supplies for Qld vax sites,5/09/2021,"12,409.38",Toll Global Express,Locked Bag 7002  RICHMOND EAST VIC 3121,No,No,,,,,,,,,,General Goods and Services,,,5/09/2021,15084157666,21/09/2021,,
DoH_PD,33 Charlotte Street,Printing vaccine material,7/09/2021,"22,793.51",ERGO ASIA PTY LTD (Konica Minolta),"Level 2, 383 George Street, SYDNEY NSW 2000",No,No,,,,,,,,,,General Goods and Services,,,7/09/2021,21001190969,22/10/2021,,
DoH_PD,33 Charlotte Street,Vaccine transfers to various sites ,7/09/2021,"17,726.40",Road Runner Courier (Courier Express Service),"Unit 3C, 400 Nudgee Road, HENDRA QLD 4011 / PO BOX 3097 HENDRA QLD 4011",No,No,,,,,,,,,,General Goods and Services,,,7/09/2021,96873953196,15/10/2021,,
DoH_PD,33 Charlotte Street,Vaccination Site Design & Fitout,16/09/2021,"73,818.68",Exponet Exhibitions & Events,17 LOCHLARNEY ST BEENLEIGH  QLD  4207,No,No,,,,,,,,,4301657745,General Goods and Services,,,16/09/2021,45132935105,17/09/2021,,
DoH_PD,33 Charlotte Street,Equipment Vaccination Hubs & Mobile clinics,16/09/2021,"65,442.52",Csk Group And Labtronics,5/38 LIMESTONE ST DARRA  QLD  4076,No,No,,,,,,,,,,General Goods and Services,,,16/09/2021,59631846654,19/11/2021,,
DoH_PD,33 Charlotte Street,Communications equipment Vaccination Site,17/09/2021,"26,921.95",Trans Communications Pty Ltd,3/12 Webster Road Stafford  Qld  4053,No,No,,,,,,,,,4301659081,General Goods and Services,,,17/09/2021,86099104462,17/09/2021,,
DoH_PD,33 Charlotte Street,Furniture for Vaccination Site,17/09/2021,"32,182.70",Select Patient Care,5 Industrial Avenue Maryborough  Qld  4650,No,No,,,,,,,,,4301659094,General Goods and Services,,,17/09/2021,68619475197,17/09/2021,,
DoH_PD,33 Charlotte Street,Temporary Contractor,26/09/2021,"10,364.30",Davidson Recruitment Pty Ltd,GPO BOX 2572  BRISBANE QLD 4000,No,No,,,,,,,,,,General Goods and Services,,,26/09/2021,50167132523,17/10/2021,,
DoH_PD,33 Charlotte Street,Vaccine Refrigeration materials,5/10/2021,"14,076.46",Rapp Australia Pty Ltd,PO Box 120  LARA VIC 3212,No,No,,,,,,,,,4301693586,General Goods and Services,,,5/10/2021,35054189365,6/10/2021,,
DoH_PD,33 Charlotte Street,Marquee hire and equipment ,6/10/2022,"11,436.92",Sss Australia,PO Box 3304  TINGALPA DC QLD 4173,No,No,,,,,,,,,,General Goods and Services,,,6/10/2021,77168062308,21/10/2021,,
DoH_PD,33 Charlotte Street,Vaccine Refrigeration materials,6/10/2022,"14,036.00",Leisure-Tec Australia Pty Ltd,50 METROLINK CCT CAMPBELLFIELD VIC 3061,No,No,,,,,,,,,,General Goods and Services,,,6/10/2022,58616487435,22/10/2022,,
DoH_PD,33 Charlotte Street,Communications equipment Vaccination Site,8/10/2021,"10,565.06",Trans Communications Pty Ltd,3/12 Webster Road Stafford  Qld  4053,No,No,,,,,,,,,,General Goods and Services,,,8/10/2021,86099104462,23/11/2021,,
DoH_PD,33 Charlotte Street,Pop up clinics - trolley bins for clinical kits,13/10/2021,"28,138.00",Manual Handling Australia,PO Box 2157  NORTH PARRAMATTA NSW 1750,No,No,,,,,,,,,,General Goods and Services,,,13/10/2021,38368064476,27/10/2021,,
DoH_PD,33 Charlotte Street,Lease Mackay showground - Vax Program,13/10/2021,"45,933.00",Explore Property Commercial,224 VICTORIA ST  MACKAY QLD 4740,No,No,,,,,,,,,,General Goods and Services,,,13/10/2021,17619351352,27/10/2021,,
DoH_PD,33 Charlotte Street,Accomodation costs,15/10/2021,"12,338.24",AIRBNB,"Level 4, 60-64 Reservoir Street, SURRY HILLS NSW 2010",No,No,,,,,,,,,,General Goods and Services,,,15/10/2021,96153841493,15/10/2021,,
DoH_PD,33 Charlotte Street,Promotional products,18/10/2021,"346,500.00",Trusports,589 RUTHVEN ST TOOWOOMBA   QLD  4350,No,No,,,,,,,,,4301722432,General Goods and Services,,,18/10/2021,32239376153,20/01/2022,,
DoH_PD,33 Charlotte Street,Promotional products,19/10/2021,"256,850.00",Struddys Apparel Co Pty Ltd,82 BRYANTS RD LOGANHOLME  QLD 4129,No,No,,,,,,,,,4301728245,General Goods and Services,,,19/10/2021,97010396513,30/11/2021,,
DoH_PD,33 Charlotte Street,Vaccine Refrigeration materials,19/10/2021,"31,243.87",Iceepak Australia,34 Tombarra Street MOOLOOLABA QLD 4557,No,No,,,,,,,,,,General Goods and Services,,,19/10/2021,41638620550,21/10/2021,,
DoH_PD,33 Charlotte Street,Promotional products,20/10/2021,"286,000.00",Variety Transport Pty Ltd,5/3 FERMONT RD UNDERWOOD  Q  4119,No,No,,,,,,,,,4301730263,General Goods and Services,,,20/10/2021,59010985234,20/10/2021,,
DoH_PD,33 Charlotte Street,Printing and promotional material,22/10/2022,"25,685.00",PRINT247 PTY LTD (Ditto Press),PO BOX 306 WEST BURLEIGH QLD 4219,No,No,,,,,,,,,,General Goods & Services,,,22/10/2021,44149190698,22/10/2021,,
DoH_PD,33 Charlotte Street,Criminal History Checks,26/10/2021,"37,647.50",Volunteering Queensland,12/27 CREEK ST BRISBANE QLD 4000,No,No,,,,,,,,,4301742017,General Goods and Services,,,26/10/2021,46621632398,31/12/2021,,
DoH_PD,33 Charlotte Street,Vaccine Refrigeration materials,26/10/2021,"36,080.00",Bioline Global Pty Ltd,PO Box 873 NARELLAN NSW 2567,No,No,,,,,,,,,,General Goods and Services,,,26/10/2021,46160729082,26/10/2021,,
DoH_PD,33 Charlotte Street,Vaccine Refrigeration materials,20/01/2022,"24,310.00",Bioline Global Pty Ltd,PO Box 873 NARELLAN NSW 2567,No,No,,,,,,,,,,General Goods and Services,,,26/10/2021,46160729082,26/10/2021,,
DoH_PD,33 Charlotte Street,Provision of aviation subject matter advice and undertaking audits,20/04/2021,"66,000.00",TECHSAFE AVIATION PTY LTD,BLDG 108.3  DA VINCI BUSINESS PARK Brisbane Airport  QLD  4009,No,No,,,,,,,,,PD109291,General Goods & Services,,,20/04/2021,24167390445,30/06/2022,,
DoH_PD,33 Charlotte Street,Highly specialised independent negotiation service,1/10/2021,"78,787.50",I-Solutions Consulting Pty. Ltd,36 SHRAPNEL RD CANNON HILL QLD 4170,No,No,,,,,,,,,PD111769,General Goods & Services,,,1/10/2021,88120618475,30/06/2022,,
DoH_PD,33 Charlotte Street,Procurement and probity advice for new RFDS agreement,18/10/2021,"44,000.00",ConnellGriffin Pty Ltd ,L7/360 Kent Street Sydney   NSW  2000,No,No,,,,,,,,,PD111844,General Goods & Services,QGP0050-18,,18/10/2021,78162085592,30/06/2022,,
DoH_PD,33 Charlotte Street,Standby Jet for COVID-19 ,1/11/2021,"2,050,301.76",Lifeflight Commercial Limited,PO Box 15166  CITY EAST QLD 4002 ,No,No,Limited,"i - Strictly necessary for reasons of extreme urgency brought about by events unforeseeable by the procuring entity, the good or service could not be obtained in time by means of open or selective tendering",,,,,,,PD91799,General Goods and Services,HSQ87340,,1/11/2021,45010316462,30/06/2022,,
DoH_PD,33 Charlotte Street,Highly specialised independent financial advice,25/11/2021,"102,661.90",Deloitte Financial Advisory P/L,GPO Box 1463  Brisbane  Qld 4001,No,No,,,,,,,,,PD113008,General Goods and Services,QGP0050-18,,25/11/2021,83611749841,24/06/2022,,
DoH_PD,33 Charlotte Street,Long Distance and/or High Acuity Air Ambulance Services,15/12/2021,"2,411,535.84",Aspen Medical Pty Ltd,PO Box 231  Deakin West ACT 2600 ,Yes,No,Limited,"i - Strictly necessary for reasons of extreme urgency brought about by events unforeseeable by the procuring entity, the good or service could not be obtained in time by means of open or selective tendering",,,,,,,PD91801,General Goods & Services,HSQ87340,,1/01/2022,32105250413,30/06/2022,,
DoH_PD,33 Charlotte Street,Standby Jet for COVID-19 ,14/01/2022,"2,925,495.82",Aspen Medical Pty Ltd,PO Box 231  Deakin West ACT 2600 ,No,No,Limited,"i - Strictly necessary for reasons of extreme urgency brought about by events unforeseeable by the procuring entity, the good or service could not be obtained in time by means of open or selective tendering",,,,,,,PD91801,General Goods and Services,HSQ87340,,14/01/2022,32105250413,30/06/2022,,
DoH_PD,33 Charlotte Street,Legal Advice ,1/01/2022,"5,577.00",Corrs Chambers Westgarth,"L35/1, EAGLE ST, BRISBANE  QLD  4000",Yes,No,,,,,,,,,PD111484,General Goods & Services,QGP0059-19,,1/01/2022,89690832091,31/03/2022,,
DoH_PD,33 Charlotte Street,ICT Products & Service for AMBFlight Software,1/01/2022,"240,695.40",Innocast Pty Ltd,138 Juliette Street Greenslopes Qld 4120,No,No,,,,,,,,,PD113137,Information and Communication Technology,,,1/01/2022,29329360573,31/12/2024,,
DoH_PD,33 Charlotte Street,Probity Advisor,18/01/2021,"26,188.14",Charles Kendall Australia Pty Ltd,"Level 9, 144 Edward Street, Brisbane  Qld 4000",No,No,,,,,,,,,PD111522,General Goods & Services,QGP0050-18,,18/01/2022,89690832091,30/09/2022,,
DoH_PD,33 Charlotte Street,"Licence fee, software support and application development",24/11/2016,"644,662.79",SPECTRUM DATA SYSTEMS INTERNATIONAL PTY. LTD.,"PO Box 7251, East Brisbane QLD  4169",No,No,,,,,,,,,PD83821,Information and Communication Technology,,,24/11/2016,61096657804,31/12/2021,,
DoH_PD,33 Charlotte Street,Meeting expenses and assessor fees,20/07/2021,"8,220.00",Ian Hawke Consulting,6 KOBADA ST TARINGA   QLD 4068,Yes,No,,,,,,,,,4301007533,General Goods & Services,,,20/07/2021,76704058894,30/06/2022,,
DoH_PD,33 Charlotte Street,Consumer Communications Plan,25/11/2021,"52,515.65",Mediacom Australia Pty Ltd,L1/108 Wickham Street FORTITUDE VALLEY  QLD  4006,No,No,,,,,,,,,4301813270,General Goods and Services,DPC-88-2017,,1/11/2021,37000421018,1/03/2022,,
DoH_PD,33 Charlotte Street,Temporary Contractor,13/12/2021,"45,738.00",HUDSON GLOBAL RESOURCES (AUST) PTY LIMITED ,LVL 17 CENTRAL PLAZA 2 66 EAGLE STREET Brisbane QLD 4000 ,No,No,,,,,,,,,PD106405-28,General Goods and Services,GGS0060,,13/12/2021,21002888762,29/04/2022,,
DoH_PD,33 Charlotte Street,Temporary Contractor,14/12/2021,"85,614.29",HUDSON GLOBAL RESOURCES (AUST) PTY LIMITED ,LVL 17 CENTRAL PLAZA 2 66 EAGLE STREET Brisbane QLD 4000 ,No,No,,,,,,,,,PD106405-27,General Goods and Services,GGS0060,,14/12/2021,21002888762,30/06/2022,,
DoH_PD,33 Charlotte Street,Temporary Contractor,17/01/2022,"76,884.67",RANDSTAD PTY LIMITED,GPO Box 4640 SYDNEY 2000 ,No,No,,,,,,,,,PD106403-13,General Goods and Services,GGS0060,,17/01/2022,21002888762,31/05/2022,,
DoH_PD,33 Charlotte Street,HIV POCT 2021 Quality Assurance Program,26/10/2021,"11,106.70",Rcpa Quality Assurance,201/8 Herbert Street St Leonards 2065,No,No,,,,,,,,,4301085747,General Goods & Services,,,26/10/2021,32003520072,31/12/2022,,
DoH_PD,33 Charlotte Street,ICT Contingency Labour,25/10/2021,"184,304.42",Allegis Global Solutions,L19/99 Walker Street North Sydney NSW 2060,Yes,No,,,,,,,,,PD106367-32,Information and Communication Technology,GGS0060,,25/10/2021,70600569784,30/06/2022,,
DoH_PD,33 Charlotte Street,ICT Contingency Labour,1/11/2021,"191,773.62",Allegis Global Solutions,L19/99 Walker Street North Sydney NSW 2060,Yes,No,,,,,,,,,PD106367-33,Information and Communication Technology,GGS0060,,1/11/2021,70600569784,30/06/2022,,
DoH_PD,33 Charlotte Street,ICT Contingency Labour,1/11/2021,"164,964.44",Allegis Global Solutions,L19/99 Walker Street North Sydney NSW 2060,Yes,No,,,,,,,,,PD106367-21,Information and Communication Technology,GGS0060,,1/11/2021,70600569784,30/06/2022,,
DoH_PD,33 Charlotte Street,ICT Contingency Labour,1/11/2021,"206,655.15",Allegis Global Solutions,L19/99 Walker Street North Sydney NSW 2060,Yes,No,,,,,,,,,PD106367-26,Information and Communication Technology,GGS0060,,1/11/2021,70600569784,30/06/2022,,
DoH_PD,33 Charlotte Street,ICT Contingency Labour,25/12/2021,"111,343.69",Allegis Global Solutions,L19/99 Walker Street North Sydney NSW 2060,Yes,No,,,,,,,,,PD106367-28-2,,GGS0060,,25/12/2021,70600569784,30/06/2022,,
DoH_PD,33 Charlotte Street,ICT Contingency Labour,25/12/2021,"36,270.08",Allegis Global Solutions,L19/99 Walker Street North Sydney NSW 2060,Yes,No,,,,,,,,,PD106367-3,Information and Communication Technology,GGS0060,,25/12/2021,70600569784,30/06/2022,,
DoH_PD,33 Charlotte Street,ICT Contingency Labour,10/01/2022,"98,647.82",Allegis Global Solutions,L19/99 Walker Street North Sydney NSW 2060,No,No,,,,,,,,,PD106367-36,Information and Communication Technology,GGS0060,,10/01/2022,70600569784,1/05/2022,,
DoH_PD,33 Charlotte Street,ICT Contingency Labour,24/01/2022,"98,648.00",Allegis Global Solutions,L19/99 Walker Street North Sydney NSW 2060,Yes,No,,,,,,,,,PD106367-34,Information and Communication Technology,GGS0060,,24/01/2022,70600569784,12/06/2022,,
DoH_PD,33 Charlotte Street,Membership fees,10/06/2021,"19,785.70",Water Research Australia Ltd,L2/250 VICTORIA SQ ADELAIDE  SA  5000,No,No,,,,,,,,,,General Goods and Services,,,10/06/2021,32127974261,28/09/2021,,
DoH_PD,33 Charlotte Street,2021-22 Sewer Surveillance for SARS-CoV-2 in Qld,1/10/2021,"2,547,028.40",THE UNIVERSITY OF QUEENSLAND,St Lucia Campus  Brisbane Queensland 4072 ,No,No,Limited,,,,,,,,PD113134,General Goods and Services,,,1/10/2021,63942912682,30/09/2022,,
DoH_PD,33 Charlotte Street,Provision of Penetration Testing to Maple Navigation Portal,2/11/2021,"13,970.00",Telstra Corporation Limited,L3/275 George Street Brisbane QLD 4000,No,No,,,,,,,,,PD113057,Information and Communication Technology,ICT3187B,,2/11/2021,33051775556,31/01/2022,,
DoH_PD,33 Charlotte Street,Callibration of equipment,15/11/2021,"10,829.50",Air-Met Scientific Pty Ltd,10 HUDSON RD ALBION  QLD  4010,No,No,,,,,,,,,4301786193,General Goods and Services,,,15/11/2021,73006849949,31/01/2022,,
DoH_PD,33 Charlotte Street,2020-21 Sewer Surveillance for SARS-CoV-2 in Qld,2/10/2020,"2,333,763.30",THE UNIVERSITY OF QUEENSLAND,St Lucia Campus  Brisbane Queensland 4072 ,No,No,Limited,,,,,,,,PD107539,General Goods and Services,,,2/10/2020,63942912682,30/09/2021,,
DoH_PD,33 Charlotte Street,IT changes to Online Booking Portal,9/08/2021,"26,434.10",Dialog Information Technology,"Level 7 35 Boundary Street, South Brisbane 4101",No,No,,,,,,,,,4301569588,Information and Communication Technology,ICT7698a,,9/08/2021,1601009175,31/12/2021,,
DoH_PD,33 Charlotte Street,ICT Contingency Labour,4/01/2022,"132,262.15",Allegis Global Solutions,L19/99 Walker Street North Sydney NSW 2060,Yes,No,,,,,,,,,PD106367-22,Information and Communication Technology,GGS0060,,4/01/2022,70600569784,1/07/2022,,
DoH_PD,33 Charlotte Street,ICT Contingency Labour,4/01/2022,"134,975.28",Allegis Global Solutions,L19/99 Walker Street North Sydney NSW 2060,Yes,No,,,,,,,,,PD106367-17,Information and Communication Technology,GGS0060,,4/01/2022,70600569784,1/07/2022,,
DoH_PD,33 Charlotte Street,ICT Contingency Labour,4/01/2022,"263,421.49",Allegis Global Solutions,L19/99 Walker Street North Sydney NSW 2060,Yes,No,,,,,,,,,PD106367-19,Information and Communication Technology,GGS0060,,4/01/2022,70600569784,3/07/2022,,
DoH_PD,33 Charlotte Street,Temporary Contractor,4/01/2022,"131,793.75",RANDSTAD PTY LIMITED,GPO Box 4640 SYDNEY 2000 ,Yes,No,,,,,,,,,PD106403-4,Information and Communication Technology,GGS0060,,4/01/2022,28080275378,3/07/2022,,
DoH_PD,33 Charlotte Street,ICT Contingency Labour,4/01/2022,"295,886.80",Allegis Global Solutions,L19/99 Walker Street North Sydney NSW 2060,Yes,Yes,,,,,,,,,PD106367-18,Information and Communication Technology,GGS0060,,4/01/2022,70600569784,31/12/2022,,
DoH_PD,33 Charlotte Street,Membership fees,30/09/2021,"10,120.00",Hg Leadership Pty Ltd,"SE 8  L 2  1 MCLAREN ST, NORTH SYDNEY  NSW  2059",No,No,,,,,,,,,4301686869,General Goods & Services,,,30/09/2021,56627036855,31/08/2022,,
DoH_PD,33 Charlotte Street,MySQL Enterprise Solution Licences,29/11/2021,"21,307.97",Data 3 Ltd,PO Box 551  INDOOROOPILLY QLD 4068,No,No,,,,,,,,,4301819606,Information and Communication Technology,,,29/11/2021,31010545267,30/11/2021,,
DoH_PD,33 Charlotte Street,Legal Services,16/12/2021,"24,200.00",Ashurst Australia,GPO BOX 9938  SYDNEY NSW 2001,No,No,,,,,,,,,,General Goods & Services,,,16/12/2021,96103234653,28/02/2022,,
DoH_PD,33 Charlotte Street,ICT Contingency Labour,17/01/2022,"64,817.06",Allegis Global Solutions,L19/99 Walker Street North Sydney NSW 2060,No,No,,,,,,,,,PD106367-37,Information and Communication Technology,GGS0060,,17/01/2022,70600569784,30/06/2022,,
DoH_PD,33 Charlotte Street,Penetration Testing,27/01/2022,"16,412.00",Telstra Corporation Ltd,L41/242 EXHIBITION ST  MELBOURNE VIC 3000,No,No,,,,,,,,,4301935820,Information and Communication Technology,,,27/01/2022,33051775556,31/01/2022,,
DoH_PD,33 Charlotte Street,Cancer Research Project,3/02/2022,"220,000.00",Max Kelsen Pty Ltd,SE 1  36 AGNES ST FORTITUDE VALLEY  QLD 4006,No,No,,,,,,,,,PD113357,Information and Communication Technology,,,3/02/2022,36604456331,2/02/2023,,
DoH_PD,33 Charlotte Street,Fee Recovery Services,31/07/2021,"193,939.92",Australian Receivables Ltd,PO Box 14390  MELBOURNE VIC 8001,No,No,,,,,,,,,,General Goods & Services,,,31/07/2021,96103234653,31/03/2022,,
DoH_PD,33 Charlotte Street,Consumer Research,11/11/2021,"33,000.00",Kantar ,"Level 1,  9 Buchanan Street  West End Qld  4101",No,No,,,,,,,,,PD112600,General Goods and Services,,,11/11/2021,38000601221,7/01/2022,,
DoH_PD,33 Charlotte Street,Supporting Sub-Committee Consumer Representatives,8/12/2021,"12,879.79",Health Consumers Queensland Ltd,"GPO Box 1328, Brisbane Qld 4001",No,No,,,,,,,,,,General Goods and Services,,,8/12/2021,66165711919,23/12/2021,,
DoH_PD,33 Charlotte Street,Development of mandatory training for medical officers and nurse practitioners ,14/12/2021,"949,218.33",Queensland University Of Technology,GPO Box 2434 Brisbane  Qld  4001,No,Yes,,,,,,,,,PD113651,General Goods and Services,DET-SOA 69587,,14/12/2021,83791724622,30/11/2023,,
DoH_PD,33 Charlotte Street,LearnFlex License software and software support services,27/08/2021,"15,400.00",B Online Learning Pty Ltd,"Suite 205 and 206 The Cooperage, 56 Bowman St, Pyrmont NSW 2009",Yes,Yes,,,,,,,,,PD107116,General Goods & Services,,,27/08/2021,50068437338,26/08/2022,,
DoH_PD,33 Charlotte Street,Legal advice contract development,13/08/2021,"59,950.00",Corrs Chambers Westgarth,"L35/1, EAGLE ST, BRISBANE  QLD  4000",No,No,,,,,,,,,PD111842,General Goods & Services,,,13/08/2021,89690832091,30/06/2022,,
DoH_PD,33 Charlotte Street,Digital Lead - Project,16/08/2021,"178,871.00",Transpacific Services Pty Ltd,"PO Box 208, NUNDAH QLD 4012",No,Yes,,,,,,,,,PD111523,General Goods & Services,GGS0060,,16/08/2021,78107859343,31/12/2023,,
DoH_PD,33 Charlotte Street,Standard Pre & Hospital Kit,29/06/2021,"17,460.00",Lane Design & Illustration,8/4 PRITCHARD ST O'CONNOR  WA  6163,No,No,,,,,,,,,4301479157,General Goods & Services,,,29/06/2021,78259600305,30/06/2021,,
DoH_PD,33 Charlotte Street,Printing PBS Hospital Prescription Forms 2021-22,15/09/2021,"239,475.31",Dept Of Human Services,"PO Box 1699, Southport Qld 4215",No,No,,,,,,,,,4301652915,General Goods and Services,,,15/09/2021,90794605008,31/08/2022,,
DoH_PD,33 Charlotte Street,National Blood Supply Plan 2021-22 ,18/08/2021,"66,118,115.00",National Blood Authority,Locked Bag 8430  CANBERRA ACT 2601,No,Yes,,,,,,,,,HSCI69180,Medical,,,18/08/2021,87361602478,31/08/2022,,
DoH_PD,33 Charlotte Street,National Cord Blood Supply 2021-22,16/07/2021,"918,301.00",Department Of Health,Locked Bag 8430  CANBERRA ACT 2601,No,Yes,,,,,,,,,4301520158,,,,16/07/2021,87361602478,31/08/2022,,
DoH_PD,33 Charlotte Street,Patient Information Exchange data access,27/08/2021,"12,153.00",Australian Health Practitioner,111 Bourke Street MELBOURNE   VIC  3000,No,Yes,,,,,,,,,4301664129,Information and Communication Technology,,,27/08/2021,78685433429,26/08/2023,,
DoH_PD,33 Charlotte Street,Legal Fees,30/08/2021,"35,745.60",Minter Ellison,WATERFRONT PLACE L 22 1 EAGLE STREET BRISBANE  QLD  4000,No,No,,,,,,,,,,General Goods and Services,,,30/08/2021,91556716819,27/04/2022,,
DoH_PD,33 Charlotte Street,Extension of Tripartite agreement for the Integration of the National Data Exchange (NDE) component of the National Real Time Prescription Monitoring (RTPM) system to the jurisdiction,13/09/2021,"2,092,301.20",Fred It Group Pty Ltd,20 TRENERRY CRES ABBOTSFORD  VIC  3067,Yes,No,,,,,,,,,PD102753,Information and Communication Technology,,,13/09/2021,68109546901,13/09/2023,,
DoH_PD,33 Charlotte Street,Membership fees,30/09/2021,"10,120.00",Hg Leadership Pty Ltd,"SE 8  L 2  1 MCLAREN ST, NORTH SYDNEY  NSW  2059",No,No,,,,,,,,,4301686869,General Goods & Services,,,30/09/2021,56627036855,31/08/2022,,
DoH_PD,33 Charlotte Street,Linkedin Learning - Yearly subscription,23/06/2021,"10,835.00",Linkedin,L9/1 MARTON PL  SYDNEY  NSW  2000,No,No,,,,,,,,,,General Goods & Services,,,23/06/2021,73615253408,26/07/2021,,
DoH_PD,33 Charlotte Street,BioReliance Storage Agreement Hendra Virus,1/07/2021,45111.39,BIORELIANCE LIMITED,14920 Broschart Road Rockville  USA,No,No,,,,,,,,,PD81649-6,,,,1/07/2021,,30/06/2026,,
DoH_PD,33 Charlotte Street,Temporary Contractor,1/07/2021,"48,610.55",Davidson Recruitment Pty Ltd,L10/295 ANN ST BRISBANE  QLD  4000,No,No,,,,,,,,,PD106404-8,General Goods & Services,GGS0060,,1/07/2021,50167132523,26/11/2021,,
DoH_PD,33 Charlotte Street,ICT Contingency Labour,1/07/2021,"95,643.54",Allegis Global Solutions,L19/99 Walker Street North Sydney NSW 2060,No,No,,,,,,,,,PD106367-32,Information and Communication Technology,GGS0060,,1/07/2021,70600569784,24/10/2021,,
DoH_PD,33 Charlotte Street,ICT Contingency Labour,1/07/2021,"97,631.23",Allegis Global Solutions,L19/99 Walker Street North Sydney NSW 2060,No,No,,,,,,,,,PD106367-33,Information and Communication Technology,GGS0060,,1/07/2021,70600569784,31/10/2021,,
DoH_PD,33 Charlotte Street,ICT Contingency Labour,1/07/2021,"97,631.23",Allegis Global Solutions,L19/99 Walker Street North Sydney NSW 2060,No,No,,,,,,,,,PD106367-21,Information and Communication Technology,GGS0060,,1/07/2021,70600569784,31/10/2021,,
DoH_PD,33 Charlotte Street,ICT Contingency Labour,1/07/2021,"105,207.80",Allegis Global Solutions,L19/99 Walker Street North Sydney NSW 2060,No,No,,,,,,,,,PD106367-26,Information and Communication Technology,GGS0060,,1/07/2021,70600569784,31/10/2021,,
DoH_PD,33 Charlotte Street,Supply of Injecting Equipment for Qld Needle and Syringe Program,1/07/2021,"2,111,195.66",Asp Healthcare Pty Ltd,17 HARRIS ST ST MARYS  NSW  2760,No,No,Open,,,,,,,,PD111156,Medical,QNSP15/SOA234,,1/07/2021,45108259329,30/06/2022,,
DoH_PD,33 Charlotte Street,Supply of Injecting Equipment for Qld Needle and Syringe Program,1/07/2021,"299,024.22",Clifford Hallam Healthcare P/L,U 2 & 3 14 LUKE ST  LYTTON  QLD  4178,No,No,Open,,,,,,,,PD111703/PD111704,Medical,QNSP15/SOA234,,1/07/2021,45108259329,30/06/2022,,
DoH_PD,33 Charlotte Street,Supply of Injecting Equipment for Qld Needle and Syringe Program,1/07/2021,"578,969.30",Terumo Australia Pty Ltd,L 4  BLDG A  5 TALAVERA RD MACQUARIE PARK  NSW  2113,No,No,Open,,,,,,,,PD111702,Medical,QNSP15/SOA234,,1/07/2021,34158693595,30/06/2022,,
DoH_PD,33 Charlotte Street,Distribution Services for Vaccines,1/07/2021,"2,046,292.20",Toll Global Logistics Division,L4/390 ST KILDA RD MELBOURNE  VIC  3004,No,No,Open,,,,,,,,4300851456,General Goods and Services,HSQ85987,,1/07/2021,31006604191,30/06/2022,,
DoH_PD,33 Charlotte Street,ICT Contingency Labour,26/07/2021,"141,222.40",Allegis Global Solutions,L19/99 Walker Street North Sydney NSW 2060,No,No,,,,,,,,,PD106367-34,Information and Communication Technology,GGS0060,,26/07/2021,70600569784,23/01/2022,,
DoH_PD,33 Charlotte Street,Trachoma Face Wash Project,12/08/2021,"45,782.00",Doomadgee Aboriginal Shire Council,"PO Box 354, EDGE HILL  QLD 4870",No,No,,,,,,,,,,,,,12/08/2021,64535061721,2/09/2021,,
DoH_PD,33 Charlotte Street,Year 6 SIP Campaign Postcard Printing,1/09/2021,"30,409.20",The Buckner Group Pty Ltd,71 BASALT ST GEEBUNG  QLD  4034,No,No,,,,,,,,,4301623785,General Goods & Services,,,1/09/2021,47009739422,15/09/2021,,
DoH_PD,33 Charlotte Street,2022 Yr 7 and 10 SIP resources,23/09/2021,"90,105.85",The Buckner Group Pty Ltd,71 BASALT ST GEEBUNG  QLD  4034,No,No,,,,,,,,,4301671518,General Goods & Services,,,23/09/2021,47009739422,5/11/2021,,
DoH_PD,33 Charlotte Street,ICT Contingency Labour,27/09/2021,"14,735.82",Allegis Global Solutions,L19/99 Walker Street North Sydney NSW 2060,No,No,,,,,,,,,PD106367-3,Information and Communication Technology,GGS0060,,27/09/2021,70600569784,24/12/2021,,
DoH_PD,33 Charlotte Street,Temporary Contractor,1/10/2021,"72,259.82",Davidson Recruitment Pty Ltd,L10/295 ANN ST BRISBANE  QLD  4000,Yes,No,,,,,,,,,PD106404-5,General Goods and Services,GGS0060,,1/10/2021,65244757179,30/06/2022,,
DoH_PD,33 Charlotte Street,Provision of HIV Point Of Care Tests (POCT) and associated accessories 2021/22,28/06/2021,"91,089.69",Abbott Rapid Diagnostics Pty Ltd,"12 Mowbray Tce, East Brisbane QLD 4169",No,No,,,,,,,,,PD104249-3,Medical,,,1/07/2021,19010728220,30/06/2022,,
DoH_PD,33 Charlotte Street, Support for COVID19 Compliance for governance and structures,22/04/2021,"179,370.40",Ernst & Young,111 Eagle Street BRISBANE  QLD  4000,No,No,,,,,,,,,PD111861,General Goods and Services,QGC0050-18 T3,,22/04/2021,75288172749,2/06/2021,,
DoH_PD,33 Charlotte Street,Queensland contribution to Food Regulation System 2021-22,8/06/2021,"117,329.31",Department Of Health,GPO Box 9848  CANBERRA  ACT  2601,No,No,,,,,,,,,,General Goods and Services,,,8/06/2021,83605426759,1/09/2021,,
DoH_PD,33 Charlotte Street,ARC Project - Making Australia resilient to airborne infection transmission,14/06/2021,"99,000.00",Queensland Uni Of Technology,L2/88 MUSK AVE KELVIN GROVE  QLD  4059,No,No,,,,,,,,,PD111878,General Goods and Services,,,14/06/2021,83791724622,13/06/2024,,
DoH_PD,33 Charlotte Street,Temporary Contractor,25/08/2021,"23,662.60",RANDSTAD PTY LIMITED,GPO Box 4640 SYDNEY 2000 ,No,No,,,,,,,,,PD106403-12,General Goods and Services,GGS0060,,25/08/2021,28080275378,17/11/2021,,
DoH_PD,33 Charlotte Street,2021/22 VMO BreastScreening,1/07/2021,"180,323.35",Dr Linda Cockburn,,Yes,No,,,,,,,,,PD78134-1,Medical,,,1/07/2021,77010933016,30/06/2022,,
DoH_PD,33 Charlotte Street,2021/22 VMO BreastScreening,1/07/2021,"221,917.85",Marion Tracey Medical Pty Ltd,,Yes,No,,,,,,,,,PD78242-1,Medical,,,1/07/2021,47144563986,30/06/2022,,
DoH_PD,33 Charlotte Street,2021/22 VMO BreastScreening,1/07/2021,"166,525.95",Rjlarsen Medical Pty Ltd,,Yes,No,,,,,,,,,PD78461-1,Medical,,,1/07/2021,60378221090,30/06/2022,,
DoH_PD,33 Charlotte Street,2021/22 VMO BreastScreening,1/07/2021,"117,538.56",Dr Tony C Bretherton,,Yes,No,,,,,,,,,PD77905-1,Medical,,,1/07/2021,78497757293,30/06/2022,,
DoH_PD,33 Charlotte Street,2021/22 VMO BreastScreening,1/07/2021,"38,660.73",Dr Charmaine Macdonald,,Yes,No,,,,,,,,,PD88446,Medical,,,1/07/2021,88748985156,30/06/2022,,
DoH_PD,33 Charlotte Street,2021/22 VMO BreastScreening,1/07/2021,"69,888.69",Dr Thomas B Lloyd,,Yes,No,,,,,,,,,PD78568-1,Medical,,,1/07/2021,29726026564,30/06/2022,,
DoH_PD,33 Charlotte Street,2021/22 VMO BreastScreening,1/07/2021,"38,299.56",Dr Shohreh Rezai,,Yes,No,,,,,,,,,PD78254-1,Medical,,,1/07/2021,65230147242,30/06/2022,,
DoH_PD,33 Charlotte Street,2021/22 VMO BreastScreening,1/07/2021,"56,823.79",Dr Damayantha K Seneviratne,,Yes,No,,,,,,,,,PD77907-1,Medical,,,1/07/2021,23931971084,30/06/2022,,
DoH_PD,33 Charlotte Street,2021/22 VMO BreastScreening,1/07/2021,"66,500.30",Dr Bronwyn G Rogers,,Yes,No,,,,,,,,,PD77899-2,Medical,,,1/07/2021,40094502208,30/06/2022,,
DoH_PD,33 Charlotte Street,2021/22 VMO BreastScreening,1/07/2021,"59,940.68",Dr Michael P M Curley,,Yes,No,,,,,,,,,PD87660-1,Medical,,,1/07/2021,90442299082,30/06/2022,,
DoH_PD,33 Charlotte Street,2021/22 VMO BreastScreening,1/07/2021,"77,112.05",Clamac Medical Pty Ltd,,Yes,No,,,,,,,,,PD77917-1,Medical,,,1/07/2021,65120316609,30/06/2022,,
DoH_PD,33 Charlotte Street,2021/22 VMO BreastScreening,1/07/2021,"77,510.02",Katrina Lee Dahl,,Yes,No,,,,,,,,,PD87906,Medical,,,1/07/2021,72659428250,30/06/2022,,
DoH_PD,33 Charlotte Street,2021/22 VMO BreastScreening,1/07/2021,"52,100.51",Dr Shilpa Hegde,,Yes,No,,,,,,,,,PD96160,Medical,,,1/07/2021,86450617122,30/06/2022,,
DoH_PD,33 Charlotte Street,2021/22 VMO BreastScreening,1/07/2021,"43,861.90",Dr Nicholas J Hall,,Yes,No,,,,,,,,,PD78243-1,Medical,,,1/07/2021,43197840105,30/06/2022,,
DoH_PD,33 Charlotte Street,2021/22 VMO BreastScreening,1/07/2021,"9,196.85",Bensoussan Medical Pty Ltd,,Yes,No,,,,,,,,,PD78614-1,Medical,,,1/07/2021,81103294542,7/01/2022,,
DoH_PD,33 Charlotte Street,2021/22 VMO BreastScreening,1/07/2021,"16,030.82",Dr Anthony Chan,,Yes,No,,,,,,,,,PD77898-1,Medical,,,1/07/2021,71381106974,30/06/2022,,
DoH_PD,33 Charlotte Street,2021/22 VMO BreastScreening,1/07/2021,"38,909.75",Dr James Challen,,Yes,No,,,,,,,,,PD77906-1,Medical,,,1/07/2021,27135980467,30/06/2022,,
DoH_PD,33 Charlotte Street,2021/22 VMO BreastScreening,1/07/2021,"89,663.63",Dr John Evans Radiologist Pty Ltd,,Yes,No,,,,,,,,,PD78127-1,Medical,,,1/07/2021,69165642651,30/06/2022,,
DoH_PD,33 Charlotte Street,2021/22 VMO BreastScreening,1/07/2021,"99,564.71",Lexsea Radiology P/L,,Yes,No,,,,,,,,,PD99191,Medical,,,1/07/2021,60626688659,30/06/2022,,
DoH_PD,33 Charlotte Street,2021/22 VMO BreastScreening,1/07/2021,"86,652.01",Dr Phelim T Doyle,,Yes,No,,,,,,,,,PD77913-1,Medical,,,1/07/2021,27809036694,30/06/2022,,
DoH_PD,33 Charlotte Street,2021/22 VMO BreastScreening,1/07/2021,"74,706.72",Dr Chanchala Athulathmudali,,Yes,No,,,,,,,,,PD77862-1,Medical,,,1/07/2021,69547106756,30/06/2022,,
DoH_PD,33 Charlotte Street,2021/22 VMO BreastScreening,1/07/2021,"43,065.31",Dr Julie Broadfoot,,Yes,No,,,,,,,,,PD78126-1,Medical,,,1/07/2021,22816029396,7/01/2022,,
DoH_PD,33 Charlotte Street,2021/22 VMO BreastScreening,1/07/2021,"80,932.28",Dr Elizabeth A Carter,,Yes,No,,,,,,,,,PD78612-2,Medical,,,1/07/2021,19897520767,30/06/2022,,
DoH_PD,33 Charlotte Street,2021/22 VMO BreastScreening,1/07/2021,"192,898.97",Overgrove Pty Ltd,,Yes,No,,,,,,,,,PD78239-1,Medical,,,1/07/2021,89076876536,30/06/2022,,
DoH_PD,33 Charlotte Street,2021/22 VMO BreastScreening,1/07/2021,"63,670.50",Charles Bruce Leibowitz,,Yes,No,,,,,,,,,PD78613-2,Medical,,,1/07/2021,14209149485,30/06/2022,,
DoH_PD,33 Charlotte Street,2021/22 VMO BreastScreening,1/07/2021,"97,640.11",Dr Sonja M Gustafson,,Yes,No,,,,,,,,,PD78558-1,Medical,,,1/07/2021,96372532114,30/06/2022,,
DoH_PD,33 Charlotte Street,2021/22 VMO BreastScreening,1/07/2021,"139,091.74",Andrew M McLaughlan,,Yes,No,,,,,,,,,PD78579-2,Medical,,,1/07/2021,90706362371,30/06/2022,,
DoH_PD,33 Charlotte Street,2021/22 VMO BreastScreening,1/07/2021,"238,905.87",Dr Grant Withey,,Yes,No,,,,,,,,,PD77915-1,Medical,,,1/07/2021,82448558537,30/06/2022,,
DoH_PD,33 Charlotte Street,2021/22 VMO BreastScreening,1/07/2021,"100,387.16",Dr Bimal P Sood,,Yes,No,,,,,,,,,PD75283-1,Medical,,,1/07/2021,59479606690,30/06/2022,,
DoH_PD,33 Charlotte Street,2021/22 VMO BreastScreening,7/07/2021,"162,610.34",Dr Sonja M Gustafson,,Yes,No,,,,,,,,,,Medical,,,7/07/2021,96372532114,9/11/2021,,
DoH_PD,33 Charlotte Street,Photocopier Usage and Maintenance 2021/22,13/07/2021,"7,289.88",Ricoh Australia Pty Ltd,Locked Bag 2044 NSW  1670,No,No,,,,,,,,,4301509975,General Goods and Services,,,13/07/2021,30000593171,30/06/2022,,
DoH_PD,33 Charlotte Street,Cancer Screening Mailhouse Stock,13/07/2021,"124,021.24",Konica Minolta Marketing Services,L4/503-505 Kent Street Sydney 2000,No,No,,,,,,,,,4301510312,General Goods and Services,HSQ96132,,13/07/2021,59108768083,30/06/2022,,
DoH_PD,33 Charlotte Street,Test Message Service 2021/22,16/07/2021,"78,827.90",Message Media - Statewide,GPO Box 442 Melbourne VIC 3001,No,No,,,,,,,,,4301520072,General Goods and Services,,,16/07/2021,16095453062,30/06/2022,,
DoH_PD,33 Charlotte Street,Outgoing clincial communications 2021/22,16/07/2021,"44,203.28",Medical-Objects Pty Ltd,11/72 Wises Road MAROOCHYDORE  QLD  4558,No,No,,,,,,,,,4301520147,General Goods and Services,,,16/07/2021,55082554877,30/06/2022,,
DoH_PD,33 Charlotte Street,Pathology & Radiology reports 2021/22,16/07/2021,"16,356.56",Healthlink Group Pty Ltd,35 CLARENCE ST SYDNEY  NSW  2001,No,No,,,,,,,,,4301520182,General Goods and Services,DETSOA64648,,16/07/2021,44600665183,30/06/2022,,
DoH_PD,33 Charlotte Street,2021/22 VMO BreastScreening,22/07/2021,"46,691.70",Medical Excellence Pty Ltd,,Yes,No,,,,,,,,,PD111483,Medical,,,22/07/2021,96372532114,30/06/2022,,
DoH_PD,33 Charlotte Street,2021/22 VMO BreastScreening,1/07/2021,"38,693.41",Cara Odenthal Radiology Pty Ltd,,No,No,,,,,,,,,PD111482,Medical,,,28/07/2021,41645427854,30/06/2022,,
DoH_PD,33 Charlotte Street,FOEX Oracle support 21-22,1/09/2021,"6,968.50",Apexia,51 JABIRU DR COBAKI LAKES  NSW  2486,No,No,,,,,,,,,4301661696,Information and Communication Technology,,,1/09/2021,96139120979,30/06/2022,,
DoH_PD,33 Charlotte Street,IT changes to Online Booking Portal,8/09/2021,"40,420.49",Dialog Information Technology,"Level 7 35 Boundary Street, South Brisbane 4101",No,No,,,,,,,,,4301637083,Information and Communication Technology,ICT7698a,,8/09/2021,1601009175,30/06/2022,,
DoH_PD,33 Charlotte Street,Software changes GP Software,15/09/2021,"38,500.00",Best Practice Software Pty Ltd,86 WOONGARRA ST BUNDABERG  QLD  4670,No,No,,,,,,,,,PD111882,Information and Communication Technology,,,15/09/2021,92104808988,30/06/2022,,
DoH_PD,33 Charlotte Street,COVID19 Genomics Study,15/06/2021,"165,000.00",THE UNIVERSITY OF QUEENSLAND,"The University of Queensland, St Lucia Qld 4067",No,No,,,,,,,,,PD110853,,,,15/06/2021,63942912682,14/06/2023,,
DoH_PD,33 Charlotte Street,COVID19 Critical projects,17/06/2021,"250,000.00",THE PRINCE CHARLES HOSPITAL FOUNDATION,"The Prince Charles Hospital, Level 1 Administration Building, 627 Rode Road, Chermside  Qld  4032",No,Yes,,,,,,,,,PD110852,,,,17/06/2021,34853168302,30/06/2022,,
DoH_PD,33 Charlotte Street,Provision of advice and analysis to support Queensland's COVID-19 response,25/06/2021,"44,000.00",HEALTHCONSULT PTY LTD,"3/86 Liverpool Street, Sydney  NSW   2000",No,No,,,,,,,,,PD111404,,,,25/06/2021,67118337821,31/12/2021,,
DoH_PD,33 Charlotte Street,COVID-19 Transmission projections,31/07/2021,"35,500.01",Finity Actuarial and Insurance Consultants,"Level 7, 68 Harringotn Street, The Rocks  NSW  2000",No,No,,,,,,,,,,General Goods and Services,,,31/07/2021,89111470270,12/08/2021,,
DoH_PD,33 Charlotte Street,Licence and Support Fee,6/09/2021,"273,900.00",Community Information Support,"L1/5 GREEN SQUARE CLOSE, FORTITUDE VALLEY  QLD  4006",No,No,,,,,,,,,4301631371,Information and Communication Technology,,,6/09/2021,30143384043,30/09/2021,,
DoH_PD,33 Charlotte Street,Air Purifers,29/06/2021,"152,015.60",Quantum Healthcare,"22 ROSEBERY AVE, ROSEBERY  NSW  2018",No,No,,,,,,,,,4301267888,General Goods and Services,,,29/06/2021,79085446653,30/06/2021,,
DoH_PD,33 Charlotte Street,Air Purifers,30/06/2021,"152,015.60",Quantum Healthcare,"22 ROSEBERY AVE, ROSEBERY  NSW  2018",No,No,,,,,,,,,4301409854,General Goods and Services,,,30/06/2021,79085446653,30/07/2021,,
DoH_PD,33 Charlotte Street,Temporary Contractor,1/07/2021,"337,864.38",Workpac Health And Social Care Pty Ltd,168 ROBERTSON ST FORTITUDE VALLEY  QLD  4006,No,No,,,,,,,,,PD111481,General Goods and Services,GGS0060,,1/07/2021,66101479707,30/06/2022,,
DoH_PD,33 Charlotte Street,Temporary Contractor,1/07/2021,"38,100.00",HUDSON GLOBAL RESOURCES (AUST) PTY LIMITED ,LVL 17 CENTRAL PLAZA 2 66 EAGLE STREET Brisbane QLD 4000 ,No,No,,,,,,,,,PD106405-13,General Goods and Services,GGS0060,,1/07/2021,21002888762,30/09/2021,,
DoH_PD,33 Charlotte Street,ICT Contingency Labour,26/07/2021,"67,496.00",Allegis Global Solutions,L19/99 Walker Street North Sydney NSW 2060,No,No,,,,,,,,,PD106367-35,Information and Communication Technology,GGS0060,,26/07/2021,70600569784,24/10/2021,,
DoH_PD,33 Charlotte Street,Air Purifers,30/07/2021,"548,215.14",Quantum Healthcare,"22 ROSEBERY AVE, ROSEBERY  NSW  2018",No,No,,,,,,,,,4301409854,General Goods and Services,,,30/07/2021,79085446653,16/08/2021,,
DoH_PD,33 Charlotte Street,Temporary Contractor,4/08/2021,"18,822.96",HEALTHCARE AUSTRALIA PTY LTD,"22/201 Elizabeth Street, Haymarket  NSW  1240",No,No,,,,,,,,,PD111701-1,General Goods and Services,,,4/08/2021,95108180589,23/08/2021,,
DoH_PD,33 Charlotte Street,COVID Accomodation,1/09/2021,"52,080.00",City Backpackers Hq,380 Upper Roma Street Brisbane QLD   4000,No,No,,,,,,,,,,General Goods and Services,,,1/09/2021,19616642721,7/09/2021,,
