date,year_month,year,month,account_key,account,closed_won_revenue,cohort_month,customer_status
2017-03-01,2017-03,2017,3,85.0,Zumgoity,14045.0,2017-03,new
2017-03-01,2017-03,2017,3,1.0,Acme Corporation,5550.0,2017-03,new
2017-03-01,2017-03,2017,3,33.0,Green-Plus,10571.0,2017-03,new
2017-03-01,2017-03,2017,3,71.0,The New York Inquirer,4305.0,2017-03,new
2017-03-01,2017-03,2017,3,49.0,Mathtouch,16952.0,2017-03,new
2017-03-01,2017-03,2017,3,63.0,Silis,20314.0,2017-03,new
2017-03-01,2017-03,2017,3,67.0,Statholdings,12562.0,2017-03,new
2017-03-01,2017-03,2017,3,17.0,Doncon,17458.0,2017-03,new
2017-03-01,2017-03,2017,3,8.0,Bubba Gump,549.0,2017-03,new
2017-03-01,2017-03,2017,3,3.0,Betatech,4440.0,2017-03,new
2017-05-01,2017-05,2017,5,38.0,Inity,18418.0,2017-03,returning
2017-06-01,2017-06,2017,6,84.0,Zotware,18947.0,2017-03,returning
2017-05-01,2017-05,2017,5,36.0,Hottechi,23950.0,2017-03,returning
2017-05-01,2017-05,2017,5,74.0,Umbrella Corporation,15248.0,2017-03,returning
2017-05-01,2017-05,2017,5,1.0,Acme Corporation,17416.0,2017-03,returning
2017-06-01,2017-06,2017,6,41.0,J-Texon,11846.0,2017-03,returning
2017-06-01,2017-06,2017,6,59.0,Ron-tech,14962.0,2017-03,returning
2017-05-01,2017-05,2017,5,21.0,Fasehatice,11064.0,2017-03,returning
2017-05-01,2017-05,2017,5,11.0,Codehow,2897.0,2017-03,returning
2017-05-01,2017-05,2017,5,26.0,Ganjaflex,7148.0,2017-03,returning
2017-06-01,2017-06,2017,6,46.0,Labdrill,44401.0,2017-03,returning
2017-05-01,2017-05,2017,5,40.0,Iselectrics,8935.0,2017-03,returning
2017-06-01,2017-06,2017,6,69.0,Sumace,4619.0,2017-03,returning
2017-06-01,2017-06,2017,6,67.0,Statholdings,8532.0,2017-03,returning
2017-06-01,2017-06,2017,6,13.0,Conecom,7198.0,2017-03,returning
2017-06-01,2017-06,2017,6,58.0,Rantouch,6759.0,2017-03,returning
2017-05-01,2017-05,2017,5,6.0,Blackzim,7842.0,2017-03,returning
2017-04-01,2017-04,2017,4,66.0,Stanredtax,10991.0,2017-03,returning
2017-04-01,2017-04,2017,4,6.0,Blackzim,1727.0,2017-03,returning
2017-04-01,2017-04,2017,4,10.0,Cheers,12304.0,2017-03,returning
2017-04-01,2017-04,2017,4,52.0,Ontomedia,1140.0,2017-03,returning
2017-04-01,2017-04,2017,4,62.0,Scottech,1645.0,2017-03,returning
2017-04-01,2017-04,2017,4,23.0,Finhigh,3386.0,2017-03,returning
2017-08-01,2017-08,2017,8,64.0,Singletechno,23205.0,2017-03,returning
2017-08-01,2017-08,2017,8,19.0,Dontechi,19445.0,2017-03,returning
2017-08-01,2017-08,2017,8,57.0,Rangreen,19520.0,2017-03,returning
2017-08-01,2017-08,2017,8,29.0,Globex Corporation,17495.0,2017-03,returning
2017-08-01,2017-08,2017,8,3.0,Betatech,1166.0,2017-03,returning
2017-08-01,2017-08,2017,8,14.0,Dalttechnology,8326.0,2017-03,returning
2017-08-01,2017-08,2017,8,45.0,Konmatfix,4005.0,2017-03,returning
2017-08-01,2017-08,2017,8,66.0,Stanredtax,11549.0,2017-03,returning
2017-09-01,2017-09,2017,9,26.0,Ganjaflex,17030.0,2017-03,returning
2017-08-01,2017-08,2017,8,22.0,Faxquote,12881.0,2017-03,returning
2017-09-01,2017-09,2017,9,47.0,Lexiqvolax,24022.0,2017-03,returning
2017-08-01,2017-08,2017,8,58.0,Rantouch,33451.0,2017-03,returning
2017-08-01,2017-08,2017,8,49.0,Mathtouch,16597.0,2017-03,returning
2017-09-01,2017-09,2017,9,45.0,Konmatfix,3822.0,2017-03,returning
2017-08-01,2017-08,2017,8,41.0,J-Texon,4018.0,2017-03,returning
2017-09-01,2017-09,2017,9,81.0,Zathunicon,1487.0,2017-03,returning
2017-09-01,2017-09,2017,9,67.0,Statholdings,3894.0,2017-03,returning
2017-07-01,2017-07,2017,7,73.0,Treequote,11430.0,2017-03,returning
2017-07-01,2017-07,2017,7,44.0,Konex,21431.0,2017-03,returning
2017-07-01,2017-07,2017,7,59.0,Ron-tech,12975.0,2017-03,returning
2017-07-01,2017-07,2017,7,64.0,Singletechno,4328.0,2017-03,returning
2017-07-01,2017-07,2017,7,61.0,Scotfind,4264.0,2017-03,returning
2017-07-01,2017-07,2017,7,10.0,Cheers,10207.0,2017-03,returning
2017-07-01,2017-07,2017,7,25.0,Funholding,15531.0,2017-03,returning
2017-11-01,2017-11,2017,11,30.0,Gogozoom,746.0,2017-03,returning
2017-07-01,2017-07,2017,7,74.0,Umbrella Corporation,10715.0,2017-03,returning
2017-07-01,2017-07,2017,7,11.0,Codehow,3902.0,2017-03,returning
2017-11-01,2017-11,2017,11,57.0,Rangreen,29133.0,2017-03,returning
2017-07-01,2017-07,2017,7,20.0,Donware,494.0,2017-03,returning
2017-12-01,2017-12,2017,12,33.0,Green-Plus,14096.0,2017-03,returning
2017-08-01,2017-08,2017,8,69.0,Sumace,3453.0,2017-03,returning
2017-11-01,2017-11,2017,11,29.0,Globex Corporation,8902.0,2017-03,returning
2017-12-01,2017-12,2017,12,32.0,Goodsilron,13646.0,2017-03,returning
2017-12-01,2017-12,2017,12,31.0,Golddex,1818.0,2017-03,returning
2017-12-01,2017-12,2017,12,50.0,Nam-zim,665.0,2017-03,returning
2017-11-01,2017-11,2017,11,39.0,Isdom,6382.0,2017-03,returning
2017-12-01,2017-12,2017,12,8.0,Bubba Gump,19424.0,2017-03,returning
2017-12-01,2017-12,2017,12,30.0,Gogozoom,6802.0,2017-03,returning
2017-12-01,2017-12,2017,12,38.0,Inity,22081.0,2017-03,returning
2017-11-01,2017-11,2017,11,51.0,Newex,5326.0,2017-03,returning
2017-12-01,2017-12,2017,12,52.0,Ontomedia,8357.0,2017-03,returning
2017-12-01,2017-12,2017,12,2.0,Betasoloin,4236.0,2017-03,returning
2017-10-01,2017-10,2017,10,13.0,Conecom,12649.0,2017-03,returning
2017-10-01,2017-10,2017,10,60.0,Rundofase,7084.0,2017-03,returning
2017-10-01,2017-10,2017,10,70.0,Sunnamplex,1718.0,2017-03,returning
2017-10-01,2017-10,2017,10,66.0,Stanredtax,21539.0,2017-03,returning
2017-10-01,2017-10,2017,10,42.0,Kan-code,18802.0,2017-03,returning
2017-10-01,2017-10,2017,10,72.0,Toughzap,8310.0,2017-03,returning
2017-12-01,2017-12,2017,12,74.0,Umbrella Corporation,12872.0,2017-03,returning
2017-10-01,2017-10,2017,10,7.0,Bluth Company,4186.0,2017-05,returning
2017-10-01,2017-10,2017,10,56.0,Plussunin,15101.0,2017-03,returning
2017-10-01,2017-10,2017,10,6.0,Blackzim,5004.0,2017-03,returning
2017-10-01,2017-10,2017,10,68.0,Streethex,18144.0,2017-03,returning
2017-03-01,2017-03,2017,3,24.0,Finjob,17069.0,2017-03,new
2017-03-01,2017-03,2017,3,61.0,Scotfind,16116.0,2017-03,new
2017-03-01,2017-03,2017,3,28.0,Genco Pura Olive Oil Company,16666.0,2017-03,new
2017-03-01,2017-03,2017,3,53.0,Opentech,17990.0,2017-03,new
2017-03-01,2017-03,2017,3,32.0,Goodsilron,34058.0,2017-03,new
2017-03-01,2017-03,2017,3,57.0,Rangreen,12412.0,2017-03,new
2017-03-01,2017-03,2017,3,72.0,Toughzap,10727.0,2017-03,new
2017-03-01,2017-03,2017,3,52.0,Ontomedia,31186.0,2017-03,new
2017-03-01,2017-03,2017,3,16.0,Domzoom,10606.0,2017-03,new
2017-03-01,2017-03,2017,3,48.0,Massive Dynamic,9191.0,2017-03,new
2017-03-01,2017-03,2017,3,78.0,Xx-zobam,15045.0,2017-03,new
2017-05-01,2017-05,2017,5,50.0,Nam-zim,17197.0,2017-03,returning
2017-05-01,2017-05,2017,5,37.0,Initech,8684.0,2017-03,returning
2017-05-01,2017-05,2017,5,75.0,Vehement Capital Partners,10796.0,2017-03,returning
2017-05-01,2017-05,2017,5,12.0,Condax,10619.0,2017-03,returning
2017-05-01,2017-05,2017,5,8.0,Bubba Gump,24889.0,2017-03,returning
2017-05-01,2017-05,2017,5,2.0,Betasoloin,24768.0,2017-03,returning
2017-06-01,2017-06,2017,6,1.0,Acme Corporation,23707.0,2017-03,returning
2017-05-01,2017-05,2017,5,66.0,Stanredtax,982.0,2017-03,returning
2017-06-01,2017-06,2017,6,22.0,Faxquote,12240.0,2017-03,returning
2017-06-01,2017-06,2017,6,25.0,Funholding,17669.0,2017-03,returning
2017-06-01,2017-06,2017,6,82.0,Zencorporation,18215.0,2017-03,returning
2017-06-01,2017-06,2017,6,48.0,Massive Dynamic,11859.0,2017-03,returning
2017-06-01,2017-06,2017,6,9.0,Cancity,10405.0,2017-03,returning
2017-05-01,2017-05,2017,5,85.0,Zumgoity,10767.0,2017-03,returning
2017-06-01,2017-06,2017,6,8.0,Bubba Gump,2102.0,2017-03,returning
2017-06-01,2017-06,2017,6,76.0,Warephase,19144.0,2017-03,returning
2017-06-01,2017-06,2017,6,26.0,Ganjaflex,19994.0,2017-03,returning
2017-04-01,2017-04,2017,4,11.0,Codehow,8676.0,2017-03,returning
2017-04-01,2017-04,2017,4,71.0,The New York Inquirer,17764.0,2017-03,returning
2017-04-01,2017-04,2017,4,4.0,Bioholding,14564.0,2017-03,returning
2017-08-01,2017-08,2017,8,20.0,Donware,6456.0,2017-03,returning
2017-04-01,2017-04,2017,4,18.0,Donquadtech,8422.0,2017-03,returning
2017-04-01,2017-04,2017,4,45.0,Konmatfix,6088.0,2017-03,returning
2017-08-01,2017-08,2017,8,78.0,Xx-zobam,16004.0,2017-03,returning
2017-04-01,2017-04,2017,4,28.0,Genco Pura Olive Oil Company,14875.0,2017-03,returning
2017-08-01,2017-08,2017,8,1.0,Acme Corporation,7319.0,2017-03,returning
2017-09-01,2017-09,2017,9,57.0,Rangreen,22406.0,2017-03,returning
2017-08-01,2017-08,2017,8,18.0,Donquadtech,14846.0,2017-03,returning
2017-08-01,2017-08,2017,8,42.0,Kan-code,48584.0,2017-03,returning
2017-08-01,2017-08,2017,8,32.0,Goodsilron,12251.0,2017-03,returning
2017-08-01,2017-08,2017,8,48.0,Massive Dynamic,29214.0,2017-03,returning
2017-08-01,2017-08,2017,8,24.0,Finjob,29596.0,2017-03,returning
2017-09-01,2017-09,2017,9,40.0,Iselectrics,3062.0,2017-03,returning
2017-08-01,2017-08,2017,8,2.0,Betasoloin,1131.0,2017-03,returning
2017-09-01,2017-09,2017,9,49.0,Mathtouch,24991.0,2017-03,returning
2017-08-01,2017-08,2017,8,52.0,Ontomedia,53.0,2017-03,returning
2017-08-01,2017-08,2017,8,61.0,Scotfind,14489.0,2017-03,returning
2017-08-01,2017-08,2017,8,10.0,Cheers,9430.0,2017-03,returning
2017-09-01,2017-09,2017,9,71.0,The New York Inquirer,15146.0,2017-03,returning
2017-09-01,2017-09,2017,9,65.0,Sonron,12301.0,2017-03,returning
2017-09-01,2017-09,2017,9,37.0,Initech,9922.0,2017-03,returning
2017-06-01,2017-06,2017,6,55.0,Plusstrip,1118.0,2017-03,returning
2017-09-01,2017-09,2017,9,78.0,Xx-zobam,3730.0,2017-03,returning
2017-08-01,2017-08,2017,8,33.0,Green-Plus,8140.0,2017-03,returning
2017-07-01,2017-07,2017,7,48.0,Massive Dynamic,5432.0,2017-03,returning
2017-07-01,2017-07,2017,7,3.0,Betatech,13252.0,2017-03,returning
2017-07-01,2017-07,2017,7,78.0,Xx-zobam,9566.0,2017-03,returning
2017-07-01,2017-07,2017,7,60.0,Rundofase,9238.0,2017-03,returning
2017-07-01,2017-07,2017,7,46.0,Labdrill,8511.0,2017-03,returning
2017-07-01,2017-07,2017,7,82.0,Zencorporation,3406.0,2017-03,returning
2017-07-01,2017-07,2017,7,33.0,Green-Plus,6023.0,2017-03,returning
2017-07-01,2017-07,2017,7,22.0,Faxquote,9004.0,2017-03,returning
2017-07-01,2017-07,2017,7,24.0,Finjob,4025.0,2017-03,returning
2017-07-01,2017-07,2017,7,37.0,Initech,13055.0,2017-03,returning
2017-07-01,2017-07,2017,7,28.0,Genco Pura Olive Oil Company,9329.0,2017-03,returning
2017-07-01,2017-07,2017,7,79.0,Y-corporation,8526.0,2017-03,returning
2017-11-01,2017-11,2017,11,63.0,Silis,9414.0,2017-03,returning
2017-08-01,2017-08,2017,8,85.0,Zumgoity,4861.0,2017-03,returning
2017-11-01,2017-11,2017,11,12.0,Condax,28996.0,2017-03,returning
2017-12-01,2017-12,2017,12,62.0,Scottech,17449.0,2017-03,returning
2017-12-01,2017-12,2017,12,27.0,Gekko & Co,23689.0,2017-03,returning
2017-12-01,2017-12,2017,12,29.0,Globex Corporation,8226.0,2017-03,returning
2017-12-01,2017-12,2017,12,78.0,Xx-zobam,12114.0,2017-03,returning
2017-12-01,2017-12,2017,12,1.0,Acme Corporation,21096.0,2017-03,returning
2017-12-01,2017-12,2017,12,25.0,Funholding,15059.0,2017-03,returning
2017-12-01,2017-12,2017,12,73.0,Treequote,30381.0,2017-03,returning
2017-11-01,2017-11,2017,11,14.0,Dalttechnology,14343.0,2017-03,returning
2017-12-01,2017-12,2017,12,13.0,Conecom,17903.0,2017-03,returning
2017-12-01,2017-12,2017,12,46.0,Labdrill,18768.0,2017-03,returning
2017-11-01,2017-11,2017,11,58.0,Rantouch,10762.0,2017-03,returning
2017-11-01,2017-11,2017,11,4.0,Bioholding,12222.0,2017-03,returning
2017-11-01,2017-11,2017,11,70.0,Sunnamplex,15277.0,2017-03,returning
2017-12-01,2017-12,2017,12,18.0,Donquadtech,13617.0,2017-03,returning
2017-11-01,2017-11,2017,11,9.0,Cancity,12249.0,2017-03,returning
2017-12-01,2017-12,2017,12,4.0,Bioholding,7530.0,2017-03,returning
2017-12-01,2017-12,2017,12,67.0,Statholdings,9988.0,2017-03,returning
2017-11-01,2017-11,2017,11,49.0,Mathtouch,10192.0,2017-03,returning
2017-12-01,2017-12,2017,12,85.0,Zumgoity,4943.0,2017-03,returning
2017-12-01,2017-12,2017,12,55.0,Plusstrip,23411.0,2017-03,returning
2017-09-01,2017-09,2017,9,46.0,Labdrill,4114.0,2017-03,returning
2017-12-01,2017-12,2017,12,41.0,J-Texon,16238.0,2017-03,returning
2017-10-01,2017-10,2017,10,20.0,Donware,5129.0,2017-03,returning
2017-11-01,2017-11,2017,11,37.0,Initech,4561.0,2017-03,returning
2017-12-01,2017-12,2017,12,70.0,Sunnamplex,1139.0,2017-03,returning
2017-10-01,2017-10,2017,10,64.0,Singletechno,16623.0,2017-03,returning
2017-10-01,2017-10,2017,10,39.0,Isdom,11431.0,2017-03,returning
2017-10-01,2017-10,2017,10,12.0,Condax,7322.0,2017-03,returning
2017-10-01,2017-10,2017,10,17.0,Doncon,3499.0,2017-03,returning
2017-10-01,2017-10,2017,10,30.0,Gogozoom,6592.0,2017-03,returning
2017-10-01,2017-10,2017,10,52.0,Ontomedia,58.0,2017-03,returning
2017-10-01,2017-10,2017,10,16.0,Domzoom,4719.0,2017-03,returning
2017-03-01,2017-03,2017,3,76.0,Warephase,9827.0,2017-03,new
2017-03-01,2017-03,2017,3,83.0,Zoomit,33123.0,2017-03,new
2017-03-01,2017-03,2017,3,14.0,Dalttechnology,11073.0,2017-03,new
2017-03-01,2017-03,2017,3,56.0,Plussunin,11468.0,2017-03,new
2017-03-01,2017-03,2017,3,37.0,Initech,5603.0,2017-03,new
2017-03-01,2017-03,2017,3,50.0,Nam-zim,11621.0,2017-03,new
2017-03-01,2017-03,2017,3,64.0,Singletechno,28300.0,2017-03,new
2017-05-01,2017-05,2017,5,70.0,Sunnamplex,18780.0,2017-03,returning
2017-05-01,2017-05,2017,5,34.0,Groovestreet,10273.0,2017-03,returning
2017-05-01,2017-05,2017,5,47.0,Lexiqvolax,5792.0,2017-03,returning
2017-06-01,2017-06,2017,6,31.0,Golddex,6194.0,2017-03,returning
2017-06-01,2017-06,2017,6,23.0,Finhigh,21902.0,2017-03,returning
2017-06-01,2017-06,2017,6,65.0,Sonron,16392.0,2017-03,returning
2017-06-01,2017-06,2017,6,61.0,Scotfind,27811.0,2017-03,returning
2017-05-01,2017-05,2017,5,59.0,Ron-tech,14221.0,2017-03,returning
2017-05-01,2017-05,2017,5,10.0,Cheers,9200.0,2017-03,returning
2017-05-01,2017-05,2017,5,46.0,Labdrill,7433.0,2017-03,returning
2017-05-01,2017-05,2017,5,82.0,Zencorporation,16099.0,2017-03,returning
2017-05-01,2017-05,2017,5,48.0,Massive Dynamic,533.0,2017-03,returning
2017-05-01,2017-05,2017,5,28.0,Genco Pura Olive Oil Company,11354.0,2017-03,returning
2017-06-01,2017-06,2017,6,21.0,Fasehatice,21754.0,2017-03,returning
2017-06-01,2017-06,2017,6,4.0,Bioholding,2345.0,2017-03,returning
2017-05-01,2017-05,2017,5,55.0,Plusstrip,4668.0,2017-03,returning
2017-06-01,2017-06,2017,6,78.0,Xx-zobam,27908.0,2017-03,returning
2017-05-01,2017-05,2017,5,23.0,Finhigh,13047.0,2017-03,returning
2017-04-01,2017-04,2017,4,15.0,dambase,13631.0,2017-03,returning
2017-04-01,2017-04,2017,4,85.0,Zumgoity,5005.0,2017-03,returning
2017-04-01,2017-04,2017,4,49.0,Mathtouch,10456.0,2017-03,returning
2017-04-01,2017-04,2017,4,76.0,Warephase,6574.0,2017-03,returning
2017-04-01,2017-04,2017,4,81.0,Zathunicon,5221.0,2017-03,returning
2017-04-01,2017-04,2017,4,54.0,Plexzap,22017.0,2017-03,returning
2017-04-01,2017-04,2017,4,16.0,Domzoom,11463.0,2017-03,returning
2017-04-01,2017-04,2017,4,40.0,Iselectrics,17247.0,2017-03,returning
2017-04-01,2017-04,2017,4,39.0,Isdom,9140.0,2017-03,returning
2017-06-01,2017-06,2017,6,80.0,Yearin,10860.0,2017-03,returning
2017-08-01,2017-08,2017,8,12.0,Condax,19820.0,2017-03,returning
2017-04-01,2017-04,2017,4,77.0,Xx-holding,17603.0,2017-03,returning
2017-08-01,2017-08,2017,8,84.0,Zotware,19675.0,2017-03,returning
2017-04-01,2017-04,2017,4,46.0,Labdrill,3358.0,2017-03,returning
2017-06-01,2017-06,2017,6,20.0,Donware,587.0,2017-03,returning
2017-09-01,2017-09,2017,9,60.0,Rundofase,15770.0,2017-03,returning
2017-08-01,2017-08,2017,8,73.0,Treequote,16919.0,2017-03,returning
2017-08-01,2017-08,2017,8,31.0,Golddex,13834.0,2017-03,returning
2017-09-01,2017-09,2017,9,84.0,Zotware,20773.0,2017-03,returning
2017-09-01,2017-09,2017,9,9.0,Cancity,18360.0,2017-03,returning
2017-09-01,2017-09,2017,9,34.0,Groovestreet,23053.0,2017-03,returning
2017-09-01,2017-09,2017,9,12.0,Condax,23758.0,2017-03,returning
2017-09-01,2017-09,2017,9,8.0,Bubba Gump,9299.0,2017-03,returning
2017-08-01,2017-08,2017,8,81.0,Zathunicon,4336.0,2017-03,returning
2017-09-01,2017-09,2017,9,13.0,Conecom,19130.0,2017-03,returning
2017-08-01,2017-08,2017,8,65.0,Sonron,11166.0,2017-03,returning
2017-09-01,2017-09,2017,9,7.0,Bluth Company,5961.0,2017-05,returning
2017-09-01,2017-09,2017,9,36.0,Hottechi,19026.0,2017-03,returning
2017-09-01,2017-09,2017,9,16.0,Domzoom,9126.0,2017-03,returning
2017-08-01,2017-08,2017,8,17.0,Doncon,5290.0,2017-03,returning
2017-09-01,2017-09,2017,9,56.0,Plussunin,12573.0,2017-03,returning
2017-09-01,2017-09,2017,9,69.0,Sumace,6710.0,2017-03,returning
2017-07-01,2017-07,2017,7,39.0,Isdom,31446.0,2017-03,returning
2017-07-01,2017-07,2017,7,23.0,Finhigh,10672.0,2017-03,returning
2017-07-01,2017-07,2017,7,13.0,Conecom,14010.0,2017-03,returning
2017-09-01,2017-09,2017,9,14.0,Dalttechnology,6945.0,2017-03,returning
2017-07-01,2017-07,2017,7,67.0,Statholdings,5287.0,2017-03,returning
2017-07-01,2017-07,2017,7,51.0,Newex,4967.0,2017-03,returning
2017-07-01,2017-07,2017,7,32.0,Goodsilron,21245.0,2017-03,returning
2017-07-01,2017-07,2017,7,17.0,Doncon,10249.0,2017-03,returning
2017-07-01,2017-07,2017,7,81.0,Zathunicon,7882.0,2017-03,returning
2017-09-01,2017-09,2017,9,19.0,Dontechi,9682.0,2017-03,returning
2017-11-01,2017-11,2017,11,72.0,Toughzap,511.0,2017-03,returning
2017-07-01,2017-07,2017,7,63.0,Silis,6601.0,2017-03,returning
2017-09-01,2017-09,2017,9,30.0,Gogozoom,469.0,2017-03,returning
2017-11-01,2017-11,2017,11,66.0,Stanredtax,11439.0,2017-03,returning
2017-11-01,2017-11,2017,11,27.0,Gekko & Co,12282.0,2017-03,returning
2017-11-01,2017-11,2017,11,38.0,Inity,21191.0,2017-03,returning
2017-11-01,2017-11,2017,11,80.0,Yearin,5213.0,2017-03,returning
2017-11-01,2017-11,2017,11,1.0,Acme Corporation,1215.0,2017-03,returning
2017-11-01,2017-11,2017,11,11.0,Codehow,12379.0,2017-03,returning
2017-12-01,2017-12,2017,12,66.0,Stanredtax,28794.0,2017-03,returning
2017-12-01,2017-12,2017,12,71.0,The New York Inquirer,14196.0,2017-03,returning
2017-12-01,2017-12,2017,12,24.0,Finjob,17573.0,2017-03,returning
2017-11-01,2017-11,2017,11,53.0,Opentech,10837.0,2017-03,returning
2017-12-01,2017-12,2017,12,72.0,Toughzap,21134.0,2017-03,returning
2017-10-01,2017-10,2017,10,10.0,Cheers,45068.0,2017-03,returning
2017-10-01,2017-10,2017,10,38.0,Inity,16390.0,2017-03,returning
2017-10-01,2017-10,2017,10,67.0,Statholdings,7586.0,2017-03,returning
2017-10-01,2017-10,2017,10,45.0,Konmatfix,5760.0,2017-03,returning
2017-10-01,2017-10,2017,10,8.0,Bubba Gump,10375.0,2017-03,returning
2017-12-01,2017-12,2017,12,77.0,Xx-holding,39144.0,2017-03,returning
2017-10-01,2017-10,2017,10,29.0,Globex Corporation,8766.0,2017-03,returning
2017-10-01,2017-10,2017,10,78.0,Xx-zobam,9545.0,2017-03,returning
2017-10-01,2017-10,2017,10,37.0,Initech,5383.0,2017-03,returning
2017-10-01,2017-10,2017,10,27.0,Gekko & Co,4082.0,2017-03,returning
2017-03-01,2017-03,2017,3,35.0,Hatfan,19661.0,2017-03,new
2017-03-01,2017-03,2017,3,41.0,J-Texon,3483.0,2017-03,new
2017-03-01,2017-03,2017,3,70.0,Sunnamplex,18414.0,2017-03,new
2017-03-01,2017-03,2017,3,23.0,Finhigh,13412.0,2017-03,new
2017-03-01,2017-03,2017,3,42.0,Kan-code,21536.0,2017-03,new
2017-03-01,2017-03,2017,3,79.0,Y-corporation,16849.0,2017-03,new
2017-03-01,2017-03,2017,3,5.0,Bioplex,4094.0,2017-03,new
2017-03-01,2017-03,2017,3,74.0,Umbrella Corporation,19213.0,2017-03,new
2017-03-01,2017-03,2017,3,19.0,Dontechi,12612.0,2017-03,new
2017-03-01,2017-03,2017,3,62.0,Scottech,1222.0,2017-03,new
2017-03-01,2017-03,2017,3,84.0,Zotware,12321.0,2017-03,new
2017-03-01,2017-03,2017,3,27.0,Gekko & Co,17717.0,2017-03,new
2017-03-01,2017-03,2017,3,47.0,Lexiqvolax,10228.0,2017-03,new
2017-03-01,2017-03,2017,3,43.0,Kinnamplus,6136.0,2017-03,new
2017-03-01,2017-03,2017,3,20.0,Donware,3586.0,2017-03,new
2017-03-01,2017-03,2017,3,68.0,Streethex,2256.0,2017-03,new
2017-03-01,2017-03,2017,3,51.0,Newex,11511.0,2017-03,new
2017-05-01,2017-05,2017,5,76.0,Warephase,21928.0,2017-03,returning
2017-06-01,2017-06,2017,6,36.0,Hottechi,21699.0,2017-03,returning
2017-06-01,2017-06,2017,6,42.0,Kan-code,43275.0,2017-03,returning
2017-05-01,2017-05,2017,5,43.0,Kinnamplus,10045.0,2017-03,returning
2017-05-01,2017-05,2017,5,78.0,Xx-zobam,30106.0,2017-03,returning
2017-05-01,2017-05,2017,5,41.0,J-Texon,12871.0,2017-03,returning
2017-06-01,2017-06,2017,6,32.0,Goodsilron,36108.0,2017-03,returning
2017-05-01,2017-05,2017,5,39.0,Isdom,7430.0,2017-03,returning
2017-05-01,2017-05,2017,5,49.0,Mathtouch,15361.0,2017-03,returning
2017-05-01,2017-05,2017,5,27.0,Gekko & Co,12159.0,2017-03,returning
2017-06-01,2017-06,2017,6,24.0,Finjob,5890.0,2017-03,returning
2017-06-01,2017-06,2017,6,64.0,Singletechno,20873.0,2017-03,returning
2017-06-01,2017-06,2017,6,19.0,Dontechi,18996.0,2017-03,returning
2017-05-01,2017-05,2017,5,58.0,Rantouch,4625.0,2017-03,returning
2017-06-01,2017-06,2017,6,81.0,Zathunicon,12594.0,2017-03,returning
2017-06-01,2017-06,2017,6,10.0,Cheers,41201.0,2017-03,returning
2017-05-01,2017-05,2017,5,84.0,Zotware,5702.0,2017-03,returning
2017-06-01,2017-06,2017,6,60.0,Rundofase,16030.0,2017-03,returning
2017-06-01,2017-06,2017,6,85.0,Zumgoity,15610.0,2017-03,returning
2017-05-01,2017-05,2017,5,16.0,Domzoom,14154.0,2017-03,returning
2017-06-01,2017-06,2017,6,30.0,Gogozoom,18490.0,2017-03,returning
2017-06-01,2017-06,2017,6,16.0,Domzoom,8746.0,2017-03,returning
2017-06-01,2017-06,2017,6,14.0,Dalttechnology,13847.0,2017-03,returning
2017-06-01,2017-06,2017,6,28.0,Genco Pura Olive Oil Company,11960.0,2017-03,returning
2017-06-01,2017-06,2017,6,73.0,Treequote,24083.0,2017-03,returning
2017-05-01,2017-05,2017,5,4.0,Bioholding,1137.0,2017-03,returning
2017-04-01,2017-04,2017,4,29.0,Globex Corporation,14036.0,2017-03,returning
2017-06-01,2017-06,2017,6,38.0,Inity,9444.0,2017-03,returning
2017-04-01,2017-04,2017,4,36.0,Hottechi,13069.0,2017-03,returning
2017-04-01,2017-04,2017,4,70.0,Sunnamplex,18376.0,2017-03,returning
2017-05-01,2017-05,2017,5,62.0,Scottech,6631.0,2017-03,returning
2017-04-01,2017-04,2017,4,56.0,Plussunin,15998.0,2017-03,returning
2017-04-01,2017-04,2017,4,50.0,Nam-zim,52.0,2017-03,returning
2017-04-01,2017-04,2017,4,48.0,Massive Dynamic,1088.0,2017-03,returning
2017-08-01,2017-08,2017,8,27.0,Gekko & Co,6837.0,2017-03,returning
2017-08-01,2017-08,2017,8,8.0,Bubba Gump,4823.0,2017-03,returning
2017-05-01,2017-05,2017,5,53.0,Opentech,16091.0,2017-03,returning
2017-08-01,2017-08,2017,8,56.0,Plussunin,30097.0,2017-03,returning
2017-09-01,2017-09,2017,9,50.0,Nam-zim,11223.0,2017-03,returning
2017-08-01,2017-08,2017,8,46.0,Labdrill,11919.0,2017-03,returning
2017-08-01,2017-08,2017,8,47.0,Lexiqvolax,5221.0,2017-03,returning
2017-08-01,2017-08,2017,8,51.0,Newex,12992.0,2017-03,returning
2017-08-01,2017-08,2017,8,59.0,Ron-tech,6988.0,2017-03,returning
2017-06-01,2017-06,2017,6,66.0,Stanredtax,8347.0,2017-03,returning
2017-08-01,2017-08,2017,8,79.0,Y-corporation,6579.0,2017-03,returning
2017-08-01,2017-08,2017,8,43.0,Kinnamplus,14756.0,2017-03,returning
2017-08-01,2017-08,2017,8,25.0,Funholding,15281.0,2017-03,returning
2017-08-01,2017-08,2017,8,7.0,Bluth Company,5559.0,2017-05,returning
2017-09-01,2017-09,2017,9,83.0,Zoomit,14789.0,2017-03,returning
2017-09-01,2017-09,2017,9,38.0,Inity,21930.0,2017-03,returning
2017-09-01,2017-09,2017,9,55.0,Plusstrip,7769.0,2017-03,returning
2017-09-01,2017-09,2017,9,80.0,Yearin,20193.0,2017-03,returning
2017-09-01,2017-09,2017,9,63.0,Silis,1133.0,2017-03,returning
2017-09-01,2017-09,2017,9,42.0,Kan-code,51758.0,2017-03,returning
2017-09-01,2017-09,2017,9,82.0,Zencorporation,12042.0,2017-03,returning
2017-09-01,2017-09,2017,9,62.0,Scottech,7477.0,2017-03,returning
2017-09-01,2017-09,2017,9,17.0,Doncon,3254.0,2017-03,returning
2017-07-01,2017-07,2017,7,6.0,Blackzim,220.0,2017-03,returning
2017-07-01,2017-07,2017,7,66.0,Stanredtax,11331.0,2017-03,returning
2017-07-01,2017-07,2017,7,80.0,Yearin,6477.0,2017-03,returning
2017-07-01,2017-07,2017,7,68.0,Streethex,12952.0,2017-03,returning
2017-07-01,2017-07,2017,7,50.0,Nam-zim,5594.0,2017-03,returning
2017-07-01,2017-07,2017,7,19.0,Dontechi,2142.0,2017-03,returning
2017-07-01,2017-07,2017,7,42.0,Kan-code,33439.0,2017-03,returning
2017-07-01,2017-07,2017,7,54.0,Plexzap,7990.0,2017-03,returning
2017-07-01,2017-07,2017,7,43.0,Kinnamplus,5895.0,2017-03,returning
2017-09-01,2017-09,2017,9,3.0,Betatech,17060.0,2017-03,returning
2017-07-01,2017-07,2017,7,71.0,The New York Inquirer,3508.0,2017-03,returning
2017-07-01,2017-07,2017,7,7.0,Bluth Company,1107.0,2017-05,returning
2017-07-01,2017-07,2017,7,57.0,Rangreen,6403.0,2017-03,returning
2017-11-01,2017-11,2017,11,25.0,Funholding,5211.0,2017-03,returning
2017-11-01,2017-11,2017,11,64.0,Singletechno,17758.0,2017-03,returning
2017-11-01,2017-11,2017,11,2.0,Betasoloin,9243.0,2017-03,returning
2017-11-01,2017-11,2017,11,42.0,Kan-code,37409.0,2017-03,returning
2017-11-01,2017-11,2017,11,68.0,Streethex,15645.0,2017-03,returning
2017-12-01,2017-12,2017,12,80.0,Yearin,6851.0,2017-03,returning
2017-12-01,2017-12,2017,12,42.0,Kan-code,35760.0,2017-03,returning
2017-11-01,2017-11,2017,11,67.0,Statholdings,1047.0,2017-03,returning
2017-11-01,2017-11,2017,11,21.0,Fasehatice,4099.0,2017-03,returning
2017-12-01,2017-12,2017,12,57.0,Rangreen,7741.0,2017-03,returning
2017-11-01,2017-11,2017,11,3.0,Betatech,6440.0,2017-03,returning
2017-11-01,2017-11,2017,11,47.0,Lexiqvolax,18035.0,2017-03,returning
2017-12-01,2017-12,2017,12,76.0,Warephase,19660.0,2017-03,returning
2017-12-01,2017-12,2017,12,47.0,Lexiqvolax,19766.0,2017-03,returning
2017-12-01,2017-12,2017,12,54.0,Plexzap,10929.0,2017-03,returning
2017-12-01,2017-12,2017,12,6.0,Blackzim,17766.0,2017-03,returning
2017-11-01,2017-11,2017,11,81.0,Zathunicon,1811.0,2017-03,returning
2017-11-01,2017-11,2017,11,50.0,Nam-zim,4946.0,2017-03,returning
2017-10-01,2017-10,2017,10,36.0,Hottechi,11631.0,2017-03,returning
2017-10-01,2017-10,2017,10,33.0,Green-Plus,16410.0,2017-03,returning
2017-10-01,2017-10,2017,10,44.0,Konex,19026.0,2017-03,returning
2017-10-01,2017-10,2017,10,35.0,Hatfan,27983.0,2017-03,returning
2017-10-01,2017-10,2017,10,76.0,Warephase,18221.0,2017-03,returning
2017-10-01,2017-10,2017,10,18.0,Donquadtech,1076.0,2017-03,returning
2017-10-01,2017-10,2017,10,1.0,Acme Corporation,6427.0,2017-03,returning
2017-10-01,2017-10,2017,10,82.0,Zencorporation,12131.0,2017-03,returning
2017-10-01,2017-10,2017,10,32.0,Goodsilron,12300.0,2017-03,returning
2017-03-01,2017-03,2017,3,11.0,Codehow,17992.0,2017-03,new
2017-03-01,2017-03,2017,3,73.0,Treequote,14321.0,2017-03,new
2017-03-01,2017-03,2017,3,58.0,Rantouch,2884.0,2017-03,new
2017-03-01,2017-03,2017,3,15.0,dambase,6950.0,2017-03,new
2017-03-01,2017-03,2017,3,77.0,Xx-holding,34652.0,2017-03,new
2017-03-01,2017-03,2017,3,55.0,Plusstrip,6300.0,2017-03,new
2017-03-01,2017-03,2017,3,18.0,Donquadtech,27975.0,2017-03,new
2017-03-01,2017-03,2017,3,38.0,Inity,611.0,2017-03,new
2017-03-01,2017-03,2017,3,54.0,Plexzap,12716.0,2017-03,new
2017-03-01,2017-03,2017,3,82.0,Zencorporation,1721.0,2017-03,new
2017-03-01,2017-03,2017,3,34.0,Groovestreet,1612.0,2017-03,new
2017-03-01,2017-03,2017,3,40.0,Iselectrics,1073.0,2017-03,new
2017-05-01,2017-05,2017,5,77.0,Xx-holding,15075.0,2017-03,returning
2017-05-01,2017-05,2017,5,18.0,Donquadtech,5191.0,2017-03,returning
2017-05-01,2017-05,2017,5,57.0,Rangreen,13730.0,2017-03,returning
2017-06-01,2017-06,2017,6,34.0,Groovestreet,34415.0,2017-03,returning
2017-05-01,2017-05,2017,5,56.0,Plussunin,5659.0,2017-03,returning
2017-05-01,2017-05,2017,5,14.0,Dalttechnology,1106.0,2017-03,returning
2017-05-01,2017-05,2017,5,64.0,Singletechno,15729.0,2017-03,returning
2017-06-01,2017-06,2017,6,15.0,dambase,21523.0,2017-03,returning
2017-06-01,2017-06,2017,6,56.0,Plussunin,17308.0,2017-03,returning
2017-06-01,2017-06,2017,6,37.0,Initech,8415.0,2017-03,returning
2017-06-01,2017-06,2017,6,71.0,The New York Inquirer,5671.0,2017-03,returning
2017-05-01,2017-05,2017,5,32.0,Goodsilron,14605.0,2017-03,returning
2017-06-01,2017-06,2017,6,83.0,Zoomit,8665.0,2017-03,returning
2017-06-01,2017-06,2017,6,40.0,Iselectrics,17940.0,2017-03,returning
2017-06-01,2017-06,2017,6,53.0,Opentech,11905.0,2017-03,returning
2017-06-01,2017-06,2017,6,5.0,Bioplex,10436.0,2017-03,returning
2017-05-01,2017-05,2017,5,69.0,Sumace,12476.0,2017-03,returning
2017-06-01,2017-06,2017,6,50.0,Nam-zim,638.0,2017-03,returning
2017-04-01,2017-04,2017,4,20.0,Donware,6024.0,2017-03,returning
2017-06-01,2017-06,2017,6,2.0,Betasoloin,18697.0,2017-03,returning
2017-06-01,2017-06,2017,6,70.0,Sunnamplex,8228.0,2017-03,returning
2017-04-01,2017-04,2017,4,22.0,Faxquote,11403.0,2017-03,returning
2017-04-01,2017-04,2017,4,33.0,Green-Plus,498.0,2017-03,returning
2017-04-01,2017-04,2017,4,14.0,Dalttechnology,9756.0,2017-03,returning
2017-04-01,2017-04,2017,4,25.0,Funholding,6627.0,2017-03,returning
2017-04-01,2017-04,2017,4,68.0,Streethex,22549.0,2017-03,returning
2017-04-01,2017-04,2017,4,61.0,Scotfind,12843.0,2017-03,returning
2017-04-01,2017-04,2017,4,73.0,Treequote,5761.0,2017-03,returning
2017-04-01,2017-04,2017,4,30.0,Gogozoom,10030.0,2017-03,returning
2017-04-01,2017-04,2017,4,51.0,Newex,9005.0,2017-03,returning
2017-04-01,2017-04,2017,4,35.0,Hatfan,4272.0,2017-03,returning
2017-04-01,2017-04,2017,4,31.0,Golddex,1637.0,2017-03,returning
2017-08-01,2017-08,2017,8,11.0,Codehow,16139.0,2017-03,returning
2017-04-01,2017-04,2017,4,34.0,Groovestreet,1234.0,2017-03,returning
2017-04-01,2017-04,2017,4,13.0,Conecom,1737.0,2017-03,returning
2017-04-01,2017-04,2017,4,47.0,Lexiqvolax,29704.0,2017-03,returning
2017-08-01,2017-08,2017,8,15.0,dambase,22310.0,2017-03,returning
2017-08-01,2017-08,2017,8,28.0,Genco Pura Olive Oil Company,8890.0,2017-03,returning
2017-08-01,2017-08,2017,8,37.0,Initech,15504.0,2017-03,returning
2017-08-01,2017-08,2017,8,36.0,Hottechi,46207.0,2017-03,returning
2017-08-01,2017-08,2017,8,83.0,Zoomit,4305.0,2017-03,returning
2017-08-01,2017-08,2017,8,67.0,Statholdings,2934.0,2017-03,returning
2017-09-01,2017-09,2017,9,27.0,Gekko & Co,31358.0,2017-03,returning
2017-08-01,2017-08,2017,8,72.0,Toughzap,6397.0,2017-03,returning
2017-09-01,2017-09,2017,9,73.0,Treequote,19450.0,2017-03,returning
2017-09-01,2017-09,2017,9,44.0,Konex,40089.0,2017-03,returning
2017-09-01,2017-09,2017,9,29.0,Globex Corporation,12680.0,2017-03,returning
2017-08-01,2017-08,2017,8,60.0,Rundofase,12332.0,2017-03,returning
2017-09-01,2017-09,2017,9,32.0,Goodsilron,16537.0,2017-03,returning
2017-09-01,2017-09,2017,9,1.0,Acme Corporation,1152.0,2017-03,returning
2017-08-01,2017-08,2017,8,70.0,Sunnamplex,14037.0,2017-03,returning
2017-08-01,2017-08,2017,8,53.0,Opentech,5263.0,2017-03,returning
2017-09-01,2017-09,2017,9,41.0,J-Texon,9304.0,2017-03,returning
2017-09-01,2017-09,2017,9,10.0,Cheers,42597.0,2017-03,returning
2017-09-01,2017-09,2017,9,28.0,Genco Pura Olive Oil Company,14241.0,2017-03,returning
2017-09-01,2017-09,2017,9,59.0,Ron-tech,7103.0,2017-03,returning
2017-09-01,2017-09,2017,9,54.0,Plexzap,11085.0,2017-03,returning
2017-09-01,2017-09,2017,9,77.0,Xx-holding,9005.0,2017-03,returning
2017-07-01,2017-07,2017,7,30.0,Gogozoom,6885.0,2017-03,returning
2017-07-01,2017-07,2017,7,16.0,Domzoom,14116.0,2017-03,returning
2017-07-01,2017-07,2017,7,76.0,Warephase,20384.0,2017-03,returning
2017-07-01,2017-07,2017,7,72.0,Toughzap,2770.0,2017-03,returning
2017-07-01,2017-07,2017,7,2.0,Betasoloin,1683.0,2017-03,returning
2017-07-01,2017-07,2017,7,65.0,Sonron,13603.0,2017-03,returning
2017-07-01,2017-07,2017,7,27.0,Gekko & Co,724.0,2017-03,returning
2017-11-01,2017-11,2017,11,46.0,Labdrill,20453.0,2017-03,returning
2017-07-01,2017-07,2017,7,83.0,Zoomit,1695.0,2017-03,returning
2017-07-01,2017-07,2017,7,4.0,Bioholding,14488.0,2017-03,returning
2017-09-01,2017-09,2017,9,15.0,dambase,13916.0,2017-03,returning
2017-11-01,2017-11,2017,11,44.0,Konex,34320.0,2017-03,returning
2017-07-01,2017-07,2017,7,53.0,Opentech,3407.0,2017-03,returning
2017-11-01,2017-11,2017,11,16.0,Domzoom,6318.0,2017-03,returning
2017-09-01,2017-09,2017,9,5.0,Bioplex,1622.0,2017-03,returning
2017-11-01,2017-11,2017,11,48.0,Massive Dynamic,5332.0,2017-03,returning
2017-12-01,2017-12,2017,12,23.0,Finhigh,18596.0,2017-03,returning
2017-11-01,2017-11,2017,11,73.0,Treequote,22001.0,2017-03,returning
2017-11-01,2017-11,2017,11,82.0,Zencorporation,6251.0,2017-03,returning
2017-11-01,2017-11,2017,11,77.0,Xx-holding,35905.0,2017-03,returning
2017-11-01,2017-11,2017,11,55.0,Plusstrip,18953.0,2017-03,returning
2017-12-01,2017-12,2017,12,26.0,Ganjaflex,22222.0,2017-03,returning
2017-12-01,2017-12,2017,12,19.0,Dontechi,7590.0,2017-03,returning
2017-12-01,2017-12,2017,12,84.0,Zotware,20234.0,2017-03,returning
2017-12-01,2017-12,2017,12,21.0,Fasehatice,10756.0,2017-03,returning
2017-11-01,2017-11,2017,11,13.0,Conecom,5734.0,2017-03,returning
2017-12-01,2017-12,2017,12,65.0,Sonron,1618.0,2017-03,returning
2017-11-01,2017-11,2017,11,20.0,Donware,5593.0,2017-03,returning
2017-12-01,2017-12,2017,12,3.0,Betatech,108.0,2017-03,returning
2017-11-01,2017-11,2017,11,40.0,Iselectrics,1076.0,2017-03,returning
2017-11-01,2017-11,2017,11,59.0,Ron-tech,10535.0,2017-03,returning
2017-11-01,2017-11,2017,11,22.0,Faxquote,969.0,2017-03,returning
2017-12-01,2017-12,2017,12,11.0,Codehow,12972.0,2017-03,returning
2017-11-01,2017-11,2017,11,31.0,Golddex,606.0,2017-03,returning
2017-12-01,2017-12,2017,12,79.0,Y-corporation,11362.0,2017-03,returning
2017-12-01,2017-12,2017,12,15.0,dambase,11896.0,2017-03,returning
2017-11-01,2017-11,2017,11,78.0,Xx-zobam,547.0,2017-03,returning
2017-10-01,2017-10,2017,10,31.0,Golddex,1612.0,2017-03,returning
2017-10-01,2017-10,2017,10,75.0,Vehement Capital Partners,13807.0,2017-03,returning
2017-10-01,2017-10,2017,10,51.0,Newex,3078.0,2017-03,returning
2017-10-01,2017-10,2017,10,15.0,dambase,807.0,2017-03,returning
2017-10-01,2017-10,2017,10,34.0,Groovestreet,12342.0,2017-03,returning
2017-10-01,2017-10,2017,10,43.0,Kinnamplus,6256.0,2017-03,returning
2017-10-01,2017-10,2017,10,40.0,Iselectrics,1225.0,2017-03,returning
2017-10-01,2017-10,2017,10,74.0,Umbrella Corporation,11089.0,2017-03,returning
2017-10-01,2017-10,2017,10,84.0,Zotware,7635.0,2017-03,returning
2017-10-01,2017-10,2017,10,46.0,Labdrill,1103.0,2017-03,returning
2017-10-01,2017-10,2017,10,22.0,Faxquote,545.0,2017-03,returning
2017-10-01,2017-10,2017,10,47.0,Lexiqvolax,56.0,2017-03,returning
2017-03-01,2017-03,2017,3,4.0,Bioholding,5055.0,2017-03,new
2017-03-01,2017-03,2017,3,75.0,Vehement Capital Partners,12205.0,2017-03,new
2017-03-01,2017-03,2017,3,46.0,Labdrill,20026.0,2017-03,new
2017-03-01,2017-03,2017,3,21.0,Fasehatice,24317.0,2017-03,new
2017-03-01,2017-03,2017,3,45.0,Konmatfix,3871.0,2017-03,new
2017-03-01,2017-03,2017,3,31.0,Golddex,16766.0,2017-03,new
2017-03-01,2017-03,2017,3,66.0,Stanredtax,19529.0,2017-03,new
2017-03-01,2017-03,2017,3,30.0,Gogozoom,17434.0,2017-03,new
2017-03-01,2017-03,2017,3,22.0,Faxquote,7674.0,2017-03,new
2017-03-01,2017-03,2017,3,44.0,Konex,16820.0,2017-03,new
2017-03-01,2017-03,2017,3,12.0,Condax,18560.0,2017-03,new
2017-03-01,2017-03,2017,3,80.0,Yearin,11993.0,2017-03,new
2017-03-01,2017-03,2017,3,81.0,Zathunicon,2043.0,2017-03,new
2017-03-01,2017-03,2017,3,26.0,Ganjaflex,9695.0,2017-03,new
2017-05-01,2017-05,2017,5,29.0,Globex Corporation,4633.0,2017-03,returning
2017-05-01,2017-05,2017,5,30.0,Gogozoom,8555.0,2017-03,returning
2017-06-01,2017-06,2017,6,52.0,Ontomedia,16647.0,2017-03,returning
2017-06-01,2017-06,2017,6,12.0,Condax,35069.0,2017-03,returning
2017-05-01,2017-05,2017,5,68.0,Streethex,5183.0,2017-03,returning
2017-05-01,2017-05,2017,5,42.0,Kan-code,37547.0,2017-03,returning
2017-05-01,2017-05,2017,5,15.0,dambase,5505.0,2017-03,returning
2017-06-01,2017-06,2017,6,63.0,Silis,14258.0,2017-03,returning
2017-05-01,2017-05,2017,5,22.0,Faxquote,15952.0,2017-03,returning
2017-06-01,2017-06,2017,6,77.0,Xx-holding,2063.0,2017-03,returning
2017-06-01,2017-06,2017,6,45.0,Konmatfix,8799.0,2017-03,returning
2017-06-01,2017-06,2017,6,75.0,Vehement Capital Partners,18467.0,2017-03,returning
2017-06-01,2017-06,2017,6,49.0,Mathtouch,35599.0,2017-03,returning
2017-06-01,2017-06,2017,6,68.0,Streethex,8445.0,2017-03,returning
2017-05-01,2017-05,2017,5,31.0,Golddex,3997.0,2017-03,returning
2017-06-01,2017-06,2017,6,57.0,Rangreen,18014.0,2017-03,returning
2017-06-01,2017-06,2017,6,51.0,Newex,10205.0,2017-03,returning
2017-04-01,2017-04,2017,4,27.0,Gekko & Co,7225.0,2017-03,returning
2017-04-01,2017-04,2017,4,26.0,Ganjaflex,7429.0,2017-03,returning
2017-04-01,2017-04,2017,4,19.0,Dontechi,619.0,2017-03,returning
2017-04-01,2017-04,2017,4,17.0,Doncon,5951.0,2017-03,returning
2017-04-01,2017-04,2017,4,74.0,Umbrella Corporation,6710.0,2017-03,returning
2017-04-01,2017-04,2017,4,59.0,Ron-tech,5154.0,2017-03,returning
2017-04-01,2017-04,2017,4,44.0,Konex,34036.0,2017-03,returning
2017-04-01,2017-04,2017,4,41.0,J-Texon,11688.0,2017-03,returning
2017-04-01,2017-04,2017,4,8.0,Bubba Gump,1083.0,2017-03,returning
2017-06-01,2017-06,2017,6,33.0,Green-Plus,6573.0,2017-03,returning
2017-04-01,2017-04,2017,4,37.0,Initech,3275.0,2017-03,returning
2017-08-01,2017-08,2017,8,9.0,Cancity,18560.0,2017-03,returning
2017-04-01,2017-04,2017,4,82.0,Zencorporation,11199.0,2017-03,returning
2017-04-01,2017-04,2017,4,53.0,Opentech,5866.0,2017-03,returning
2017-08-01,2017-08,2017,8,62.0,Scottech,20937.0,2017-03,returning
2017-08-01,2017-08,2017,8,16.0,Domzoom,10410.0,2017-03,returning
2017-08-01,2017-08,2017,8,54.0,Plexzap,15813.0,2017-03,returning
2017-08-01,2017-08,2017,8,38.0,Inity,10569.0,2017-03,returning
2017-04-01,2017-04,2017,4,64.0,Singletechno,4869.0,2017-03,returning
2017-08-01,2017-08,2017,8,30.0,Gogozoom,9044.0,2017-03,returning
2017-08-01,2017-08,2017,8,44.0,Konex,38027.0,2017-03,returning
2017-08-01,2017-08,2017,8,50.0,Nam-zim,11167.0,2017-03,returning
2017-09-01,2017-09,2017,9,25.0,Funholding,21670.0,2017-03,returning
2017-09-01,2017-09,2017,9,64.0,Singletechno,17962.0,2017-03,returning
2017-09-01,2017-09,2017,9,22.0,Faxquote,19545.0,2017-03,returning
2017-08-01,2017-08,2017,8,21.0,Fasehatice,10738.0,2017-03,returning
2017-09-01,2017-09,2017,9,74.0,Umbrella Corporation,16046.0,2017-03,returning
2017-09-01,2017-09,2017,9,4.0,Bioholding,16478.0,2017-03,returning
2017-09-01,2017-09,2017,9,20.0,Donware,9662.0,2017-03,returning
2017-08-01,2017-08,2017,8,26.0,Ganjaflex,16227.0,2017-03,returning
2017-08-01,2017-08,2017,8,80.0,Yearin,4462.0,2017-03,returning
2017-08-01,2017-08,2017,8,68.0,Streethex,13847.0,2017-03,returning
2017-09-01,2017-09,2017,9,53.0,Opentech,149.0,2017-03,returning
2017-09-01,2017-09,2017,9,72.0,Toughzap,16084.0,2017-03,returning
2017-09-01,2017-09,2017,9,18.0,Donquadtech,30891.0,2017-03,returning
2017-09-01,2017-09,2017,9,85.0,Zumgoity,5533.0,2017-03,returning
2017-07-01,2017-07,2017,7,12.0,Condax,9451.0,2017-03,returning
2017-07-01,2017-07,2017,7,58.0,Rantouch,4752.0,2017-03,returning
2017-07-01,2017-07,2017,7,5.0,Bioplex,1032.0,2017-03,returning
2017-07-01,2017-07,2017,7,26.0,Ganjaflex,5676.0,2017-03,returning
2017-07-01,2017-07,2017,7,29.0,Globex Corporation,15581.0,2017-03,returning
2017-07-01,2017-07,2017,7,75.0,Vehement Capital Partners,4785.0,2017-03,returning
2017-08-01,2017-08,2017,8,77.0,Xx-holding,553.0,2017-03,returning
2017-09-01,2017-09,2017,9,39.0,Isdom,591.0,2017-03,returning
2017-07-01,2017-07,2017,7,49.0,Mathtouch,10551.0,2017-03,returning
2017-07-01,2017-07,2017,7,52.0,Ontomedia,9264.0,2017-03,returning
2017-07-01,2017-07,2017,7,36.0,Hottechi,8799.0,2017-03,returning
2017-07-01,2017-07,2017,7,8.0,Bubba Gump,10542.0,2017-03,returning
2017-07-01,2017-07,2017,7,1.0,Acme Corporation,9407.0,2017-03,returning
2017-07-01,2017-07,2017,7,34.0,Groovestreet,5161.0,2017-03,returning
2017-11-01,2017-11,2017,11,74.0,Umbrella Corporation,22885.0,2017-03,returning
2017-11-01,2017-11,2017,11,19.0,Dontechi,16144.0,2017-03,returning
2017-11-01,2017-11,2017,11,26.0,Ganjaflex,10238.0,2017-03,returning
2017-12-01,2017-12,2017,12,12.0,Condax,36701.0,2017-03,returning
2017-11-01,2017-11,2017,11,83.0,Zoomit,6703.0,2017-03,returning
2017-12-01,2017-12,2017,12,81.0,Zathunicon,9279.0,2017-03,returning
2017-11-01,2017-11,2017,11,60.0,Rundofase,10440.0,2017-03,returning
2017-11-01,2017-11,2017,11,18.0,Donquadtech,13558.0,2017-03,returning
2017-11-01,2017-11,2017,11,84.0,Zotware,15189.0,2017-03,returning
2017-11-01,2017-11,2017,11,76.0,Warephase,24543.0,2017-03,returning
2017-11-01,2017-11,2017,11,85.0,Zumgoity,1790.0,2017-03,returning
2017-11-01,2017-11,2017,11,28.0,Genco Pura Olive Oil Company,10768.0,2017-03,returning
2017-11-01,2017-11,2017,11,6.0,Blackzim,14498.0,2017-03,returning
2017-11-01,2017-11,2017,11,32.0,Goodsilron,13914.0,2017-03,returning
2017-12-01,2017-12,2017,12,20.0,Donware,756.0,2017-03,returning
2017-11-01,2017-11,2017,11,8.0,Bubba Gump,6162.0,2017-03,returning
2017-12-01,2017-12,2017,12,28.0,Genco Pura Olive Oil Company,15029.0,2017-03,returning
2017-11-01,2017-11,2017,11,62.0,Scottech,1248.0,2017-03,returning
2017-11-01,2017-11,2017,11,45.0,Konmatfix,10394.0,2017-03,returning
2017-12-01,2017-12,2017,12,45.0,Konmatfix,8944.0,2017-03,returning
2017-11-01,2017-11,2017,11,79.0,Y-corporation,10120.0,2017-03,returning
2017-10-01,2017-10,2017,10,41.0,J-Texon,12122.0,2017-03,returning
2017-10-01,2017-10,2017,10,24.0,Finjob,1740.0,2017-03,returning
2017-10-01,2017-10,2017,10,5.0,Bioplex,11201.0,2017-03,returning
2017-12-01,2017-12,2017,12,53.0,Opentech,6273.0,2017-03,returning
2017-10-01,2017-10,2017,10,55.0,Plusstrip,10079.0,2017-03,returning
2017-10-01,2017-10,2017,10,54.0,Plexzap,5341.0,2017-03,returning
2017-10-01,2017-10,2017,10,11.0,Codehow,19935.0,2017-03,returning
2017-10-01,2017-10,2017,10,58.0,Rantouch,5452.0,2017-03,returning
2017-10-01,2017-10,2017,10,71.0,The New York Inquirer,9443.0,2017-03,returning
2017-12-01,2017-12,2017,12,35.0,Hatfan,6571.0,2017-03,returning
2017-10-01,2017-10,2017,10,2.0,Betasoloin,3472.0,2017-03,returning
2017-10-01,2017-10,2017,10,79.0,Y-corporation,1134.0,2017-03,returning
2017-10-01,2017-10,2017,10,63.0,Silis,8866.0,2017-03,returning
2017-11-01,2017-11,2017,11,69.0,Sumace,4884.0,2017-03,returning
2017-03-01,2017-03,2017,3,59.0,Ron-tech,28194.0,2017-03,new
2017-03-01,2017-03,2017,3,13.0,Conecom,26073.0,2017-03,new
2017-03-01,2017-03,2017,3,36.0,Hottechi,13586.0,2017-03,new
2017-03-01,2017-03,2017,3,60.0,Rundofase,9798.0,2017-03,new
2017-05-01,2017-05,2017,5,19.0,Dontechi,26738.0,2017-03,returning
2017-05-01,2017-05,2017,5,73.0,Treequote,17179.0,2017-03,returning
2017-05-01,2017-05,2017,5,61.0,Scotfind,29501.0,2017-03,returning
2017-05-01,2017-05,2017,5,60.0,Rundofase,12816.0,2017-03,returning
2017-06-01,2017-06,2017,6,3.0,Betatech,19455.0,2017-03,returning
2017-05-01,2017-05,2017,5,45.0,Konmatfix,13581.0,2017-03,returning
2017-05-01,2017-05,2017,5,79.0,Y-corporation,17385.0,2017-03,returning
2017-05-01,2017-05,2017,5,25.0,Funholding,15476.0,2017-03,returning
2017-05-01,2017-05,2017,5,72.0,Toughzap,14305.0,2017-03,returning
2017-05-01,2017-05,2017,5,65.0,Sonron,20498.0,2017-03,returning
2017-05-01,2017-05,2017,5,67.0,Statholdings,6636.0,2017-03,returning
2017-05-01,2017-05,2017,5,35.0,Hatfan,124.0,2017-03,returning
2017-05-01,2017-05,2017,5,3.0,Betatech,22491.0,2017-03,returning
2017-06-01,2017-06,2017,6,47.0,Lexiqvolax,7453.0,2017-03,returning
2017-05-01,2017-05,2017,5,7.0,Bluth Company,18962.0,2017-05,new
2017-05-01,2017-05,2017,5,9.0,Cancity,17633.0,2017-03,returning
2017-05-01,2017-05,2017,5,52.0,Ontomedia,13915.0,2017-03,returning
2017-05-01,2017-05,2017,5,5.0,Bioplex,4942.0,2017-03,returning
2017-06-01,2017-06,2017,6,62.0,Scottech,13025.0,2017-03,returning
2017-06-01,2017-06,2017,6,39.0,Isdom,24118.0,2017-03,returning
2017-06-01,2017-06,2017,6,35.0,Hatfan,25367.0,2017-03,returning
2017-06-01,2017-06,2017,6,79.0,Y-corporation,13604.0,2017-03,returning
2017-06-01,2017-06,2017,6,18.0,Donquadtech,30565.0,2017-03,returning
2017-06-01,2017-06,2017,6,27.0,Gekko & Co,18658.0,2017-03,returning
2017-06-01,2017-06,2017,6,29.0,Globex Corporation,22550.0,2017-03,returning
2017-06-01,2017-06,2017,6,6.0,Blackzim,6438.0,2017-03,returning
2017-05-01,2017-05,2017,5,20.0,Donware,18350.0,2017-03,returning
2017-06-01,2017-06,2017,6,43.0,Kinnamplus,3443.0,2017-03,returning
2017-04-01,2017-04,2017,4,2.0,Betasoloin,4361.0,2017-03,returning
2017-04-01,2017-04,2017,4,75.0,Vehement Capital Partners,13742.0,2017-03,returning
2017-04-01,2017-04,2017,4,57.0,Rangreen,105.0,2017-03,returning
2017-04-01,2017-04,2017,4,43.0,Kinnamplus,4320.0,2017-03,returning
2017-04-01,2017-04,2017,4,78.0,Xx-zobam,10781.0,2017-03,returning
2017-04-01,2017-04,2017,4,21.0,Fasehatice,18018.0,2017-03,returning
2017-04-01,2017-04,2017,4,24.0,Finjob,9752.0,2017-03,returning
2017-06-01,2017-06,2017,6,54.0,Plexzap,33042.0,2017-03,returning
2017-04-01,2017-04,2017,4,5.0,Bioplex,10244.0,2017-03,returning
2017-04-01,2017-04,2017,4,60.0,Rundofase,675.0,2017-03,returning
2017-04-01,2017-04,2017,4,67.0,Statholdings,8614.0,2017-03,returning
2017-08-01,2017-08,2017,8,23.0,Finhigh,8784.0,2017-03,returning
2017-04-01,2017-04,2017,4,65.0,Sonron,5853.0,2017-03,returning
2017-04-01,2017-04,2017,4,1.0,Acme Corporation,8455.0,2017-03,returning
2017-08-01,2017-08,2017,8,76.0,Warephase,14910.0,2017-03,returning
2017-08-01,2017-08,2017,8,5.0,Bioplex,6798.0,2017-03,returning
2017-05-01,2017-05,2017,5,71.0,The New York Inquirer,514.0,2017-03,returning
2017-05-01,2017-05,2017,5,83.0,Zoomit,1201.0,2017-03,returning
2017-08-01,2017-08,2017,8,34.0,Groovestreet,3165.0,2017-03,returning
2017-09-01,2017-09,2017,9,11.0,Codehow,25158.0,2017-03,returning
2017-08-01,2017-08,2017,8,4.0,Bioholding,13386.0,2017-03,returning
2017-09-01,2017-09,2017,9,23.0,Finhigh,22995.0,2017-03,returning
2017-06-01,2017-06,2017,6,7.0,Bluth Company,4391.0,2017-05,returning
2017-09-01,2017-09,2017,9,68.0,Streethex,7620.0,2017-03,returning
2017-09-01,2017-09,2017,9,58.0,Rantouch,9765.0,2017-03,returning
2017-09-01,2017-09,2017,9,31.0,Golddex,5168.0,2017-03,returning
2017-09-01,2017-09,2017,9,48.0,Massive Dynamic,22815.0,2017-03,returning
2017-09-01,2017-09,2017,9,75.0,Vehement Capital Partners,18632.0,2017-03,returning
2017-09-01,2017-09,2017,9,43.0,Kinnamplus,24466.0,2017-03,returning
2017-08-01,2017-08,2017,8,13.0,Conecom,9839.0,2017-03,returning
2017-08-01,2017-08,2017,8,6.0,Blackzim,1127.0,2017-03,returning
2017-09-01,2017-09,2017,9,79.0,Y-corporation,15247.0,2017-03,returning
2017-07-01,2017-07,2017,7,55.0,Plusstrip,15441.0,2017-03,returning
2017-07-01,2017-07,2017,7,40.0,Iselectrics,10812.0,2017-03,returning
2017-07-01,2017-07,2017,7,84.0,Zotware,12024.0,2017-03,returning
2017-07-01,2017-07,2017,7,9.0,Cancity,15575.0,2017-03,returning
2017-07-01,2017-07,2017,7,35.0,Hatfan,518.0,2017-03,returning
2017-07-01,2017-07,2017,7,56.0,Plussunin,12196.0,2017-03,returning
2017-07-01,2017-07,2017,7,14.0,Dalttechnology,618.0,2017-03,returning
2017-07-01,2017-07,2017,7,70.0,Sunnamplex,4184.0,2017-03,returning
2017-07-01,2017-07,2017,7,77.0,Xx-holding,3362.0,2017-03,returning
2017-08-01,2017-08,2017,8,40.0,Iselectrics,48.0,2017-03,returning
2017-12-01,2017-12,2017,12,64.0,Singletechno,13692.0,2017-03,returning
2017-07-01,2017-07,2017,7,69.0,Sumace,5480.0,2017-03,returning
2017-11-01,2017-11,2017,11,54.0,Plexzap,10618.0,2017-03,returning
2017-11-01,2017-11,2017,11,41.0,J-Texon,15624.0,2017-03,returning
2017-12-01,2017-12,2017,12,63.0,Silis,2126.0,2017-03,returning
2017-12-01,2017-12,2017,12,7.0,Bluth Company,8318.0,2017-05,returning
2017-11-01,2017-11,2017,11,61.0,Scotfind,19808.0,2017-03,returning
2017-11-01,2017-11,2017,11,7.0,Bluth Company,8419.0,2017-05,returning
2017-11-01,2017-11,2017,11,56.0,Plussunin,7948.0,2017-03,returning
2017-12-01,2017-12,2017,12,75.0,Vehement Capital Partners,5623.0,2017-03,returning
2017-12-01,2017-12,2017,12,49.0,Mathtouch,16486.0,2017-03,returning
2017-11-01,2017-11,2017,11,17.0,Doncon,21912.0,2017-03,returning
2017-12-01,2017-12,2017,12,17.0,Doncon,11013.0,2017-03,returning
2017-12-01,2017-12,2017,12,22.0,Faxquote,23344.0,2017-03,returning
2017-12-01,2017-12,2017,12,83.0,Zoomit,6203.0,2017-03,returning
2017-12-01,2017-12,2017,12,34.0,Groovestreet,7900.0,2017-03,returning
2017-12-01,2017-12,2017,12,14.0,Dalttechnology,1040.0,2017-03,returning
2017-12-01,2017-12,2017,12,10.0,Cheers,10174.0,2017-03,returning
2017-12-01,2017-12,2017,12,69.0,Sumace,12261.0,2017-03,returning
2017-11-01,2017-11,2017,11,43.0,Kinnamplus,19743.0,2017-03,returning
2017-11-01,2017-11,2017,11,75.0,Vehement Capital Partners,5042.0,2017-03,returning
2017-12-01,2017-12,2017,12,9.0,Cancity,10977.0,2017-03,returning
2017-11-01,2017-11,2017,11,5.0,Bioplex,5237.0,2017-03,returning
2017-12-01,2017-12,2017,12,37.0,Initech,15390.0,2017-03,returning
2017-10-01,2017-10,2017,10,4.0,Bioholding,3786.0,2017-03,returning
2017-10-01,2017-10,2017,10,73.0,Treequote,15226.0,2017-03,returning
2017-10-01,2017-10,2017,10,49.0,Mathtouch,6154.0,2017-03,returning
2017-10-01,2017-10,2017,10,62.0,Scottech,12101.0,2017-03,returning
2017-10-01,2017-10,2017,10,9.0,Cancity,7032.0,2017-03,returning
2017-12-01,2017-12,2017,12,48.0,Massive Dynamic,4646.0,2017-03,returning
2017-10-01,2017-10,2017,10,57.0,Rangreen,22313.0,2017-03,returning
2017-10-01,2017-10,2017,10,23.0,Finhigh,4461.0,2017-03,returning
2017-10-01,2017-10,2017,10,28.0,Genco Pura Olive Oil Company,1240.0,2017-03,returning
2017-10-01,2017-10,2017,10,77.0,Xx-holding,11995.0,2017-03,returning
2017-10-01,2017-10,2017,10,69.0,Sumace,51.0,2017-03,returning
2017-10-01,2017-10,2017,10,25.0,Funholding,474.0,2017-03,returning
2017-11-01,2017-11,2017,11,10.0,Cheers,5929.0,2017-03,returning
2017-03-01,2017-03,2017,3,9.0,Cancity,7836.0,2017-03,new
2017-03-01,2017-03,2017,3,39.0,Isdom,45556.0,2017-03,new
2017-03-01,2017-03,2017,3,10.0,Cheers,11910.0,2017-03,new
2017-03-01,2017-03,2017,3,65.0,Sonron,21227.0,2017-03,new
2017-03-01,2017-03,2017,3,2.0,Betasoloin,19871.0,2017-03,new
2017-03-01,2017-03,2017,3,29.0,Globex Corporation,2843.0,2017-03,new
2017-03-01,2017-03,2017,3,25.0,Funholding,14052.0,2017-03,new
2017-03-01,2017-03,2017,3,6.0,Blackzim,5882.0,2017-03,new
2017-05-01,2017-05,2017,5,44.0,Konex,27470.0,2017-03,returning
2017-06-01,2017-06,2017,6,11.0,Codehow,20133.0,2017-03,returning
2017-06-01,2017-06,2017,6,44.0,Konex,14921.0,2017-03,returning
2017-05-01,2017-05,2017,5,33.0,Green-Plus,8240.0,2017-03,returning
2017-05-01,2017-05,2017,5,13.0,Conecom,11037.0,2017-03,returning
2017-05-01,2017-05,2017,5,54.0,Plexzap,15425.0,2017-03,returning
2017-05-01,2017-05,2017,5,63.0,Silis,5194.0,2017-03,returning
2017-05-01,2017-05,2017,5,81.0,Zathunicon,10963.0,2017-03,returning
2017-03-01,2017-03,2017,3,69.0,Sumace,9971.0,2017-03,new
2017-06-01,2017-06,2017,6,72.0,Toughzap,5664.0,2017-03,returning
2017-06-01,2017-06,2017,6,74.0,Umbrella Corporation,17504.0,2017-03,returning
2017-05-01,2017-05,2017,5,51.0,Newex,5523.0,2017-03,returning
2017-05-01,2017-05,2017,5,24.0,Finjob,13411.0,2017-03,returning
2017-04-01,2017-04,2017,4,42.0,Kan-code,13345.0,2017-03,returning
2017-04-01,2017-04,2017,4,80.0,Yearin,9375.0,2017-03,returning
2017-04-01,2017-04,2017,4,79.0,Y-corporation,30621.0,2017-03,returning
2017-04-01,2017-04,2017,4,32.0,Goodsilron,7858.0,2017-03,returning
2017-04-01,2017-04,2017,4,63.0,Silis,3390.0,2017-03,returning
2017-06-01,2017-06,2017,6,17.0,Doncon,3492.0,2017-03,returning
2017-04-01,2017-04,2017,4,12.0,Condax,16114.0,2017-03,returning
2017-04-01,2017-04,2017,4,3.0,Betatech,5885.0,2017-03,returning
2017-04-01,2017-04,2017,4,58.0,Rantouch,2754.0,2017-03,returning
2017-04-01,2017-04,2017,4,84.0,Zotware,5839.0,2017-03,returning
2017-04-01,2017-04,2017,4,38.0,Inity,7731.0,2017-03,returning
2017-08-01,2017-08,2017,8,74.0,Umbrella Corporation,20419.0,2017-03,returning
2017-09-01,2017-09,2017,9,51.0,Newex,8924.0,2017-03,returning
2017-09-01,2017-09,2017,9,6.0,Blackzim,27211.0,2017-03,returning
2017-08-01,2017-08,2017,8,39.0,Isdom,19755.0,2017-03,returning
2017-08-01,2017-08,2017,8,63.0,Silis,12520.0,2017-03,returning
2017-09-01,2017-09,2017,9,61.0,Scotfind,20830.0,2017-03,returning
2017-09-01,2017-09,2017,9,76.0,Warephase,14855.0,2017-03,returning
2017-08-01,2017-08,2017,8,35.0,Hatfan,4642.0,2017-03,returning
2017-09-01,2017-09,2017,9,33.0,Green-Plus,18953.0,2017-03,returning
2017-08-01,2017-08,2017,8,75.0,Vehement Capital Partners,8434.0,2017-03,returning
2017-09-01,2017-09,2017,9,35.0,Hatfan,27188.0,2017-03,returning
2017-09-01,2017-09,2017,9,24.0,Finjob,12624.0,2017-03,returning
2017-09-01,2017-09,2017,9,21.0,Fasehatice,6532.0,2017-03,returning
2017-09-01,2017-09,2017,9,52.0,Ontomedia,11956.0,2017-03,returning
2017-08-01,2017-08,2017,8,82.0,Zencorporation,514.0,2017-03,returning
2017-09-01,2017-09,2017,9,66.0,Stanredtax,18210.0,2017-03,returning
2017-07-01,2017-07,2017,7,85.0,Zumgoity,8155.0,2017-03,returning
2017-07-01,2017-07,2017,7,18.0,Donquadtech,1835.0,2017-03,returning
2017-07-01,2017-07,2017,7,45.0,Konmatfix,7193.0,2017-03,returning
2017-09-01,2017-09,2017,9,2.0,Betasoloin,9574.0,2017-03,returning
2017-07-01,2017-07,2017,7,15.0,dambase,47.0,2017-03,returning
2017-07-01,2017-07,2017,7,62.0,Scottech,625.0,2017-03,returning
2017-07-01,2017-07,2017,7,41.0,J-Texon,5416.0,2017-03,returning
2017-07-01,2017-07,2017,7,47.0,Lexiqvolax,1141.0,2017-03,returning
2017-07-01,2017-07,2017,7,38.0,Inity,13493.0,2017-03,returning
2017-08-01,2017-08,2017,8,55.0,Plusstrip,1469.0,2017-03,returning
2017-09-01,2017-09,2017,9,70.0,Sunnamplex,6601.0,2017-03,returning
2017-11-01,2017-11,2017,11,15.0,dambase,19809.0,2017-03,returning
2017-12-01,2017-12,2017,12,68.0,Streethex,10822.0,2017-03,returning
2017-11-01,2017-11,2017,11,65.0,Sonron,1015.0,2017-03,returning
2017-11-01,2017-11,2017,11,36.0,Hottechi,6704.0,2017-03,returning
2017-12-01,2017-12,2017,12,5.0,Bioplex,11787.0,2017-03,returning
2017-12-01,2017-12,2017,12,44.0,Konex,23105.0,2017-03,returning
2017-12-01,2017-12,2017,12,36.0,Hottechi,30286.0,2017-03,returning
2017-11-01,2017-11,2017,11,24.0,Finjob,15889.0,2017-03,returning
2017-11-01,2017-11,2017,11,52.0,Ontomedia,17522.0,2017-03,returning
2017-12-01,2017-12,2017,12,56.0,Plussunin,26847.0,2017-03,returning
2017-11-01,2017-11,2017,11,33.0,Green-Plus,9789.0,2017-03,returning
2017-12-01,2017-12,2017,12,59.0,Ron-tech,10679.0,2017-03,returning
2017-12-01,2017-12,2017,12,58.0,Rantouch,3550.0,2017-03,returning
2017-11-01,2017-11,2017,11,71.0,The New York Inquirer,6089.0,2017-03,returning
2017-12-01,2017-12,2017,12,61.0,Scotfind,17063.0,2017-03,returning
2017-11-01,2017-11,2017,11,35.0,Hatfan,1616.0,2017-03,returning
2017-12-01,2017-12,2017,12,60.0,Rundofase,16329.0,2017-03,returning
2017-12-01,2017-12,2017,12,16.0,Domzoom,9981.0,2017-03,returning
2017-12-01,2017-12,2017,12,40.0,Iselectrics,11125.0,2017-03,returning
2017-12-01,2017-12,2017,12,51.0,Newex,11091.0,2017-03,returning
2017-11-01,2017-11,2017,11,34.0,Groovestreet,6943.0,2017-03,returning
2017-10-01,2017-10,2017,10,85.0,Zumgoity,7528.0,2017-03,returning
2017-10-01,2017-10,2017,10,26.0,Ganjaflex,7847.0,2017-03,returning
2017-10-01,2017-10,2017,10,19.0,Dontechi,14080.0,2017-03,returning
2017-10-01,2017-10,2017,10,3.0,Betatech,17111.0,2017-03,returning
2017-12-01,2017-12,2017,12,39.0,Isdom,8834.0,2017-03,returning
2017-10-01,2017-10,2017,10,21.0,Fasehatice,19731.0,2017-03,returning
2017-10-01,2017-10,2017,10,59.0,Ron-tech,14670.0,2017-03,returning
2017-12-01,2017-12,2017,12,82.0,Zencorporation,5112.0,2017-03,returning
2017-10-01,2017-10,2017,10,14.0,Dalttechnology,10882.0,2017-03,returning
2017-10-01,2017-10,2017,10,53.0,Opentech,888.0,2017-03,returning
