date,year_month,year,month,sales_rep_key,sales_agent,monthly_pipeline_value,monthly_weighted_pipeline_value,closed_won_revenue,closed_lost_value,avg_days_to_close,win_rate,average_deal_size,conversion_rate,closed_won_revenue_rolling_3m,closed_won_revenue_rolling_6m,revenue_target,target_attainment_ratio,exceeded_target
2017-03-01,2017-03,2017,3,21,Reed Clapper,39748.0,39748.0,39748.0,0.0,54.31818181818182,0.8636363636363636,1806.7272727272727,0.8636363636363636,39748.0,39748.0,43833.6,0.906792962476274,False
2017-04-01,2017-04,2017,4,21,Reed Clapper,29196.0,29196.0,29196.0,0.0,5.782608695652174,0.391304347826087,1269.391304347826,0.391304347826087,34472.0,34472.0,39748.0,0.7345275233974037,False
2017-05-01,2017-05,2017,5,21,Reed Clapper,51129.0,51129.0,51129.0,0.0,47.193548387096776,0.6129032258064516,1649.3225806451612,0.6129032258064516,40024.333333333336,40024.333333333336,34472.0,1.4832037595729868,True
2017-06-01,2017-06,2017,6,21,Reed Clapper,54764.0,54764.0,54764.0,0.0,65.46153846153847,0.8076923076923077,2106.3076923076924,0.8076923076923077,45029.666666666664,43709.25,40024.333333333336,1.3682676371873776,True
2017-07-01,2017-07,2017,7,21,Reed Clapper,37436.0,37436.0,37436.0,0.0,7.321428571428571,0.4642857142857143,1337.0,0.4642857142857143,47776.333333333336,42454.6,45029.666666666664,0.8313630273375331,False
2017-08-01,2017-08,2017,8,21,Reed Clapper,52743.0,52743.0,52743.0,0.0,56.13636363636363,0.7727272727272727,2397.409090909091,0.7727272727272727,48314.333333333336,44169.333333333336,47776.333333333336,1.103956631246991,True
2017-09-01,2017-09,2017,9,21,Reed Clapper,49740.0,49740.0,49740.0,0.0,58.92,0.76,1989.6,0.76,46639.666666666664,45834.666666666664,48314.333333333336,1.029508151480237,True
2017-10-01,2017-10,2017,10,21,Reed Clapper,21244.0,21244.0,21244.0,0.0,5.181818181818182,0.7272727272727273,1931.2727272727273,0.7272727272727273,41242.333333333336,44509.333333333336,46639.666666666664,0.455492106147128,False
2017-11-01,2017-11,2017,11,21,Reed Clapper,40107.0,40107.0,40107.0,0.0,51.55,0.6,2005.35,0.6,37030.333333333336,42672.333333333336,41242.333333333336,0.9724716512968066,False
2017-12-01,2017-12,2017,12,21,Reed Clapper,62229.0,62229.0,62229.0,0.0,71.3103448275862,0.6206896551724138,2145.8275862068967,0.6206896551724138,41193.333333333336,43916.5,37030.333333333336,1.68048716817744,True
2016-12-01,2016-12,2016,12,25,Rosalina Dieter,0.0,0.0,0.0,0.0,,,0.0,,0.0,0.0,18107.923076923078,0.0,False
2017-01-01,2017-01,2017,1,25,Rosalina Dieter,0.0,0.0,0.0,0.0,,,0.0,,0.0,0.0,0.0,,True
2017-02-01,2017-02,2017,2,25,Rosalina Dieter,0.0,0.0,0.0,0.0,,,0.0,,0.0,0.0,0.0,,True
2017-03-01,2017-03,2017,3,25,Rosalina Dieter,14691.0,14691.0,14691.0,0.0,77.3076923076923,0.6923076923076923,918.1875,0.6923076923076923,4897.0,3672.75,0.0,,True
2017-04-01,2017-04,2017,4,25,Rosalina Dieter,38803.0,38803.0,38803.0,0.0,6.769230769230769,0.7692307692307693,2155.722222222222,0.7692307692307693,17831.333333333332,10698.8,4897.0,7.923830916887891,True
2017-05-01,2017-05,2017,5,25,Rosalina Dieter,4698.0,4698.0,4698.0,0.0,68.61538461538461,0.46153846153846156,247.26315789473685,0.46153846153846156,19397.333333333332,9698.666666666666,17831.333333333332,0.2634688002392792,False
2017-06-01,2017-06,2017,6,25,Rosalina Dieter,40544.0,40544.0,40544.0,0.0,92.25,0.625,2702.9333333333334,0.625,28015.0,16456.0,19397.333333333332,2.090184217761892,True
2017-07-01,2017-07,2017,7,25,Rosalina Dieter,771.0,771.0,771.0,0.0,5.555555555555555,0.3333333333333333,51.4,0.3333333333333333,15337.666666666666,16584.5,28015.0,0.027520970908441907,False
2017-08-01,2017-08,2017,8,25,Rosalina Dieter,66229.0,66229.0,66229.0,0.0,72.38461538461539,0.7692307692307693,3895.823529411765,0.7692307692307693,35848.0,27622.666666666668,15337.666666666666,4.31806228674505,True
2017-09-01,2017-09,2017,9,25,Rosalina Dieter,19476.0,19476.0,19476.0,0.0,65.4,0.8,1145.6470588235295,0.8,28825.333333333332,28420.166666666668,35848.0,0.5432939076099085,False
2017-10-01,2017-10,2017,10,25,Rosalina Dieter,3597.0,3597.0,3597.0,0.0,6.545454545454546,0.36363636363636365,256.92857142857144,0.36363636363636365,29767.333333333332,22552.5,28825.333333333332,0.12478606781072206,False
2017-11-01,2017-11,2017,11,25,Rosalina Dieter,34202.0,34202.0,34202.0,0.0,63.5,0.9,2850.1666666666665,0.9,19091.666666666668,27469.833333333332,29767.333333333332,1.14897762648093,True
2017-12-01,2017-12,2017,12,25,Rosalina Dieter,12392.0,12392.0,12392.0,0.0,40.8,0.8,1239.2,0.8,16730.333333333332,22777.833333333332,19091.666666666668,0.6490790048013967,False
2017-03-01,2017-03,2017,3,3,Versie Hillebrand,21921.0,21921.0,21921.0,0.0,63.516129032258064,0.8387096774193549,707.1290322580645,0.8387096774193549,21921.0,21921.0,18769.3,1.1679178232539307,True
2017-04-01,2017-04,2017,4,3,Versie Hillebrand,8594.0,8594.0,8594.0,0.0,6.863636363636363,0.45454545454545453,390.6363636363636,0.45454545454545453,15257.5,15257.5,21921.0,0.39204415856940833,False
2017-05-01,2017-05,2017,5,3,Versie Hillebrand,32401.0,32401.0,32401.0,0.0,58.22222222222222,0.6111111111111112,900.0277777777778,0.6111111111111112,20972.0,20972.0,15257.5,2.123611338685892,True
2017-06-01,2017-06,2017,6,3,Versie Hillebrand,26419.0,26419.0,26419.0,0.0,65.47826086956522,0.8695652173913043,1148.6521739130435,0.8695652173913043,22471.333333333332,22333.75,20972.0,1.2597272553881365,True
2017-07-01,2017-07,2017,7,3,Versie Hillebrand,16297.0,16297.0,16297.0,0.0,7.0,0.6190476190476191,339.5208333333333,0.6190476190476191,25039.0,21126.4,22471.333333333332,0.7252351143679355,False
2017-08-01,2017-08,2017,8,3,Versie Hillebrand,12220.0,12220.0,12220.0,0.0,60.96969696969697,0.45454545454545453,249.3877551020408,0.45454545454545453,18312.0,19642.0,25039.0,0.4880386596908822,False
2017-09-01,2017-09,2017,9,3,Versie Hillebrand,15783.0,15783.0,15783.0,0.0,40.57692307692308,0.7307692307692307,607.0384615384615,0.7307692307692307,14766.666666666666,18619.0,18312.0,0.8618938401048493,False
2017-10-01,2017-10,2017,10,3,Versie Hillebrand,16241.0,16241.0,16241.0,0.0,6.416666666666667,0.625,676.7083333333334,0.625,14748.0,19893.5,14766.666666666666,1.099841986455982,True
2017-11-01,2017-11,2017,11,3,Versie Hillebrand,20075.0,20075.0,20075.0,0.0,74.32,0.64,803.0,0.64,17366.333333333332,17839.166666666668,14748.0,1.3612015188500135,True
2017-12-01,2017-12,2017,12,3,Versie Hillebrand,17742.0,17742.0,17742.0,0.0,60.65217391304348,0.8695652173913043,771.3913043478261,0.8695652173913043,18019.333333333332,16393.0,17366.333333333332,1.0216318931265476,True
2017-03-01,2017-03,2017,3,6,Jonathan Berthelot,24398.0,24398.0,24398.0,0.0,65.72222222222223,0.7777777777777778,1355.4444444444443,0.7777777777777778,24398.0,24398.0,28488.6,0.8564127405348104,False
2017-04-01,2017-04,2017,4,6,Jonathan Berthelot,16066.0,16066.0,16066.0,0.0,6.2,0.7,803.3,0.7,20232.0,20232.0,24398.0,0.6584965980818099,False
2017-05-01,2017-05,2017,5,6,Jonathan Berthelot,26282.0,26282.0,26282.0,0.0,64.07894736842105,0.5526315789473685,691.6315789473684,0.5526315789473685,22248.666666666668,22248.666666666668,20232.0,1.2990312376433373,True
2017-06-01,2017-06,2017,6,6,Jonathan Berthelot,29594.0,29594.0,29594.0,0.0,46.08695652173913,0.9565217391304348,1286.695652173913,0.9565217391304348,23980.666666666668,24085.0,22248.666666666668,1.3301471249213435,True
2017-07-01,2017-07,2017,7,6,Jonathan Berthelot,23011.0,23011.0,23011.0,0.0,5.625,0.5416666666666666,469.61224489795916,0.5416666666666666,26295.666666666668,23870.2,23980.666666666668,0.9595646493008256,False
2017-08-01,2017-08,2017,8,6,Jonathan Berthelot,47746.0,47746.0,47746.0,0.0,80.0909090909091,0.5757575757575758,1164.5365853658536,0.5757575757575758,33450.333333333336,27849.5,26295.666666666668,1.8157364331258634,True
2017-09-01,2017-09,2017,9,6,Jonathan Berthelot,47744.0,47744.0,47744.0,0.0,64.125,0.9166666666666666,1989.3333333333333,0.9166666666666666,39500.333333333336,31740.5,33450.333333333336,1.427310141403673,True
2017-10-01,2017-10,2017,10,6,Jonathan Berthelot,24733.0,24733.0,24733.0,0.0,6.074074074074074,0.5925925925925926,916.0370370370371,0.5925925925925926,40074.333333333336,33185.0,39500.333333333336,0.6261466147964996,False
2017-11-01,2017-11,2017,11,6,Jonathan Berthelot,20281.0,20281.0,20281.0,0.0,59.3,0.4,676.0333333333333,0.4,30919.333333333332,32184.833333333332,40074.333333333336,0.5060845262553754,False
2017-12-01,2017-12,2017,12,6,Jonathan Berthelot,25031.0,25031.0,25031.0,0.0,77.22222222222223,0.6666666666666666,927.074074074074,0.6666666666666666,23348.333333333332,31424.333333333332,30919.333333333332,0.8095582052221911,False
2017-01-01,2017-01,2017,1,12,Violet Mclelland,0.0,0.0,0.0,0.0,,,0.0,,0.0,0.0,10285.916666666666,0.0,False
2017-02-01,2017-02,2017,2,12,Violet Mclelland,0.0,0.0,0.0,0.0,,,0.0,,0.0,0.0,0.0,,True
2017-03-01,2017-03,2017,3,12,Violet Mclelland,7307.0,7307.0,7307.0,0.0,77.54545454545455,0.7727272727272727,228.34375,0.7727272727272727,2435.6666666666665,2435.6666666666665,0.0,,True
2017-04-01,2017-04,2017,4,12,Violet Mclelland,2311.0,2311.0,2311.0,0.0,6.571428571428571,0.42857142857142855,100.47826086956522,0.42857142857142855,3206.0,2404.5,2435.6666666666665,0.9488162036403449,False
2017-05-01,2017-05,2017,5,12,Violet Mclelland,23933.0,23933.0,23933.0,0.0,66.86363636363636,0.5454545454545454,920.5,0.5454545454545454,11183.666666666666,6710.2,3206.0,7.465065502183406,True
2017-06-01,2017-06,2017,6,12,Violet Mclelland,25943.0,25943.0,25943.0,0.0,73.84210526315789,0.8421052631578947,926.5357142857143,0.8421052631578947,17395.666666666668,9915.666666666666,11183.666666666666,2.3197222139429527,True
2017-07-01,2017-07,2017,7,12,Violet Mclelland,9040.0,9040.0,9040.0,0.0,6.555555555555555,0.3888888888888889,334.81481481481484,0.3888888888888889,19638.666666666668,11422.333333333334,17395.666666666668,0.5196696495295763,False
2017-08-01,2017-08,2017,8,12,Violet Mclelland,13941.0,13941.0,13941.0,0.0,56.5,0.5909090909090909,480.7241379310345,0.5909090909090909,16308.0,13745.833333333334,19638.666666666668,0.7098750763799307,False
2017-09-01,2017-09,2017,9,12,Violet Mclelland,16393.0,16393.0,16393.0,0.0,61.31578947368421,0.8421052631578947,712.7391304347826,0.8421052631578947,13124.666666666666,15260.166666666666,16308.0,1.0052121658081923,True
2017-10-01,2017-10,2017,10,12,Violet Mclelland,1167.0,1167.0,1167.0,0.0,5.6923076923076925,0.3076923076923077,77.8,0.3076923076923077,10500.333333333334,15069.5,13124.666666666666,0.08891654391222635,False
2017-11-01,2017-11,2017,11,12,Violet Mclelland,4473.0,4473.0,4473.0,0.0,56.80952380952381,0.5714285714285714,178.92,0.5714285714285714,7344.333333333333,11826.166666666666,10500.333333333334,0.42598647661978983,False
2017-12-01,2017-12,2017,12,12,Violet Mclelland,18923.0,18923.0,18923.0,0.0,65.3913043478261,0.8260869565217391,756.92,0.8260869565217391,8187.666666666667,10656.166666666666,7344.333333333333,2.576544274497345,True
2017-03-01,2017-03,2017,3,20,Donn Cantrell,50692.0,50692.0,50692.0,0.0,74.36363636363636,0.8636363636363636,2304.181818181818,0.8636363636363636,50692.0,50692.0,44586.0,1.1369488180146234,True
2017-04-01,2017-04,2017,4,20,Donn Cantrell,28892.0,28892.0,28892.0,0.0,6.714285714285714,0.42857142857142855,1375.8095238095239,0.42857142857142855,39792.0,39792.0,50692.0,0.5699518661721771,False
2017-05-01,2017-05,2017,5,20,Donn Cantrell,53048.0,53048.0,53048.0,0.0,55.24324324324324,0.5135135135135135,1433.7297297297298,0.5135135135135135,44210.666666666664,44210.666666666664,39792.0,1.3331322878970648,True
2017-06-01,2017-06,2017,6,20,Donn Cantrell,47799.0,47799.0,47799.0,0.0,73.4,0.8,2389.95,0.8,43246.333333333336,45107.75,44210.666666666664,1.0811644248748418,True
2017-07-01,2017-07,2017,7,20,Donn Cantrell,38024.0,38024.0,38024.0,0.0,5.76,0.56,1520.96,0.56,46290.333333333336,43691.0,43246.333333333336,0.8792421708198768,False
2017-08-01,2017-08,2017,8,20,Donn Cantrell,66271.0,66271.0,66271.0,0.0,66.13157894736842,0.5526315789473685,1743.9736842105262,0.5526315789473685,50698.0,47454.333333333336,46290.333333333336,1.4316379949737525,True
2017-09-01,2017-09,2017,9,20,Donn Cantrell,55989.0,55989.0,55989.0,0.0,56.1025641025641,0.5897435897435898,1435.6153846153845,0.5897435897435898,53428.0,48337.166666666664,50698.0,1.104363091246203,True
2017-10-01,2017-10,2017,10,20,Donn Cantrell,32206.0,32206.0,32206.0,0.0,7.944444444444445,0.4444444444444444,1789.2222222222222,0.4444444444444444,51488.666666666664,48889.5,53428.0,0.6027925432357565,False
2017-11-01,2017-11,2017,11,20,Donn Cantrell,27625.0,27625.0,27625.0,0.0,52.172413793103445,0.41379310344827586,952.5862068965517,0.41379310344827586,38606.666666666664,44652.333333333336,51488.666666666664,0.5365258374011109,False
2017-12-01,2017-12,2017,12,20,Donn Cantrell,45314.0,45314.0,45314.0,0.0,64.07692307692308,0.6538461538461539,1742.8461538461538,0.6538461538461539,35048.333333333336,44238.166666666664,38606.666666666664,1.173735106199275,True
2017-03-01,2017-03,2017,3,2,Cecily Lampkin,24607.0,24607.0,24607.0,0.0,42.666666666666664,0.8333333333333334,2050.5833333333335,0.8333333333333334,24607.0,24607.0,22980.0,1.0708006962576153,True
2017-04-01,2017-04,2017,4,2,Cecily Lampkin,11648.0,11648.0,11648.0,0.0,7.625,0.3125,728.0,0.3125,18127.5,18127.5,24607.0,0.47336123867192265,False
2017-05-01,2017-05,2017,5,2,Cecily Lampkin,35450.0,35450.0,35450.0,0.0,63.27777777777778,0.8333333333333334,1969.4444444444443,0.8333333333333334,23901.666666666668,23901.666666666668,18127.5,1.9555923320921251,True
2017-06-01,2017-06,2017,6,2,Cecily Lampkin,20795.0,20795.0,20795.0,0.0,52.0625,0.6875,1299.6875,0.6875,22631.0,23125.0,23901.666666666668,0.8700230109476326,False
2017-07-01,2017-07,2017,7,2,Cecily Lampkin,18416.0,18416.0,18416.0,0.0,6.444444444444445,0.6111111111111112,575.5,0.6111111111111112,24887.0,22183.2,22631.0,0.813751049445451,False
2017-08-01,2017-08,2017,8,2,Cecily Lampkin,21440.0,21440.0,21440.0,0.0,50.125,0.6875,1020.952380952381,0.6875,20217.0,22059.333333333332,24887.0,0.8614939526660506,False
2017-09-01,2017-09,2017,9,2,Cecily Lampkin,30553.0,30553.0,30553.0,0.0,59.30769230769231,0.8461538461538461,2350.230769230769,0.8461538461538461,23469.666666666668,23050.333333333332,20217.0,1.511252905970223,True
2017-10-01,2017-10,2017,10,2,Cecily Lampkin,18426.0,18426.0,18426.0,0.0,7.05,0.6,921.3,0.6,23473.0,24180.0,23469.666666666668,0.7850984959309179,False
2017-11-01,2017-11,2017,11,2,Cecily Lampkin,17602.0,17602.0,17602.0,0.0,57.05555555555556,0.5555555555555556,977.8888888888889,0.5555555555555556,22193.666666666668,21205.333333333332,23473.0,0.7498828441187748,False
2017-12-01,2017-12,2017,12,2,Cecily Lampkin,30863.0,30863.0,30863.0,0.0,56.61538461538461,0.8461538461538461,2374.076923076923,0.8461538461538461,22297.0,22883.333333333332,22193.666666666668,1.390621949204728,True
2016-11-01,2016-11,2016,11,28,Elease Gluck,0.0,0.0,0.0,0.0,,,0.0,,0.0,0.0,20656.785714285714,0.0,False
2016-12-01,2016-12,2016,12,28,Elease Gluck,0.0,0.0,0.0,0.0,,,0.0,,0.0,0.0,0.0,,True
2017-01-01,2017-01,2017,1,28,Elease Gluck,0.0,0.0,0.0,0.0,,,0.0,,0.0,0.0,0.0,,True
2017-02-01,2017-02,2017,2,28,Elease Gluck,0.0,0.0,0.0,0.0,,,0.0,,0.0,0.0,0.0,,True
2017-03-01,2017-03,2017,3,28,Elease Gluck,43066.0,43066.0,43066.0,0.0,59.25,0.9166666666666666,2533.294117647059,0.9166666666666666,14355.333333333334,8613.2,0.0,,True
2017-04-01,2017-04,2017,4,28,Elease Gluck,26577.0,26577.0,26577.0,0.0,3.2222222222222223,0.6666666666666666,1661.0625,0.6666666666666666,23214.333333333332,11607.166666666666,14355.333333333334,1.8513676682301583,True
2017-05-01,2017-05,2017,5,28,Elease Gluck,8130.0,8130.0,8130.0,0.0,71.6875,0.3125,406.5,0.3125,25924.333333333332,12962.166666666666,23214.333333333332,0.3502146662263257,False
2017-06-01,2017-06,2017,6,28,Elease Gluck,101796.0,101796.0,101796.0,0.0,56.25,0.9375,5089.8,0.9375,45501.0,29928.166666666668,25924.333333333332,3.9266583518701865,True
2017-07-01,2017-07,2017,7,28,Elease Gluck,10279.0,10279.0,10279.0,0.0,6.615384615384615,0.5384615384615384,604.6470588235294,0.5384615384615384,40068.333333333336,31641.333333333332,45501.0,0.22590712292037538,False
2017-08-01,2017-08,2017,8,28,Elease Gluck,6280.0,6280.0,6280.0,0.0,52.57142857142857,0.5714285714285714,330.5263157894737,0.5714285714285714,39451.666666666664,32688.0,40068.333333333336,0.15673224907449773,False
2017-09-01,2017-09,2017,9,28,Elease Gluck,5846.0,5846.0,5846.0,0.0,78.2,0.5,365.375,0.5,7468.333333333333,26484.666666666668,39451.666666666664,0.1481813189134384,False
2017-10-01,2017-10,2017,10,28,Elease Gluck,41001.0,41001.0,41001.0,0.0,6.538461538461538,0.6153846153846154,2562.5625,0.6153846153846154,17709.0,28888.666666666668,7468.333333333333,5.489979915197501,True
2017-11-01,2017-11,2017,11,28,Elease Gluck,3623.0,3623.0,3623.0,0.0,66.42857142857143,0.5,258.7857142857143,0.5,16823.333333333332,28137.5,17709.0,0.2045852391439381,False
2017-12-01,2017-12,2017,12,28,Elease Gluck,42597.0,42597.0,42597.0,0.0,47.22222222222222,0.8888888888888888,3872.4545454545455,0.8888888888888888,29073.666666666668,18271.0,16823.333333333332,2.5320190212007136,True
2017-03-01,2017-03,2017,3,4,Lajuana Vencill,16086.0,16086.0,16086.0,0.0,82.0909090909091,0.7272727272727273,731.1818181818181,0.7272727272727273,16086.0,16086.0,19463.2,0.8264827983065477,False
2017-04-01,2017-04,2017,4,4,Lajuana Vencill,9824.0,9824.0,9824.0,0.0,7.0,0.26666666666666666,654.9333333333333,0.26666666666666666,12955.0,12955.0,16086.0,0.6107173940072113,False
2017-05-01,2017-05,2017,5,4,Lajuana Vencill,23298.0,23298.0,23298.0,0.0,56.588235294117645,0.4117647058823529,685.2352941176471,0.4117647058823529,16402.666666666668,16402.666666666668,12955.0,1.798379004245465,True
2017-06-01,2017-06,2017,6,4,Lajuana Vencill,38130.0,38130.0,38130.0,0.0,70.43478260869566,0.9130434782608695,1657.8260869565217,0.9130434782608695,23750.666666666668,21834.5,16402.666666666668,2.3246220126808645,True
2017-07-01,2017-07,2017,7,4,Lajuana Vencill,17319.0,17319.0,17319.0,0.0,6.25,0.4166666666666667,333.0576923076923,0.4166666666666667,26249.0,20931.4,23750.666666666668,0.7292005838432605,False
2017-08-01,2017-08,2017,8,4,Lajuana Vencill,18140.0,18140.0,18140.0,0.0,71.77142857142857,0.42857142857142855,385.9574468085106,0.42857142857142855,24529.666666666668,20466.166666666668,26249.0,0.691073945674121,False
2017-09-01,2017-09,2017,9,4,Lajuana Vencill,14892.0,14892.0,14892.0,0.0,76.92857142857143,0.7857142857142857,1063.7142857142858,0.7857142857142857,16783.666666666668,20267.166666666668,24529.666666666668,0.6071016048594219,False
2017-10-01,2017-10,2017,10,4,Lajuana Vencill,16771.0,16771.0,16771.0,0.0,6.818181818181818,0.4090909090909091,762.3181818181819,0.4090909090909091,16601.0,21425.0,16783.666666666668,0.9992452980079839,False
2017-11-01,2017-11,2017,11,4,Lajuana Vencill,21166.0,21166.0,21166.0,0.0,62.476190476190474,0.5714285714285714,1007.9047619047619,0.5714285714285714,17609.666666666668,21069.666666666668,16601.0,1.2749834347328475,True
2017-12-01,2017-12,2017,12,4,Lajuana Vencill,19006.0,19006.0,19006.0,0.0,73.33333333333333,0.7142857142857143,905.047619047619,0.7142857142857143,18981.0,17882.333333333332,17609.666666666668,1.0792935698196067,True
2016-12-01,2016-12,2016,12,24,Vicki Laflamme,0.0,0.0,0.0,0.0,,,0.0,,0.0,0.0,36799.692307692305,0.0,False
2017-01-01,2017-01,2017,1,24,Vicki Laflamme,0.0,0.0,0.0,0.0,,,0.0,,0.0,0.0,0.0,,True
2017-02-01,2017-02,2017,2,24,Vicki Laflamme,0.0,0.0,0.0,0.0,,,0.0,,0.0,0.0,0.0,,True
2017-03-01,2017-03,2017,3,24,Vicki Laflamme,64433.0,64433.0,64433.0,0.0,67.55555555555556,0.9166666666666666,1288.66,0.9166666666666666,21477.666666666668,16108.25,0.0,,True
2017-04-01,2017-04,2017,4,24,Vicki Laflamme,33122.0,33122.0,33122.0,0.0,7.633333333333334,0.4,770.2790697674419,0.4,32518.333333333332,19511.0,21477.666666666668,1.542160073254388,True
2017-05-01,2017-05,2017,5,24,Vicki Laflamme,28357.0,28357.0,28357.0,0.0,59.94736842105263,0.42105263157894735,616.4565217391304,0.42105263157894735,41970.666666666664,20985.333333333332,32518.333333333332,0.8720311619086669,False
2017-06-01,2017-06,2017,6,24,Vicki Laflamme,44664.0,44664.0,44664.0,0.0,53.088235294117645,0.8529411764705882,1015.0909090909091,0.8529411764705882,35381.0,28429.333333333332,41970.666666666664,1.0641718025287503,True
2017-07-01,2017-07,2017,7,24,Vicki Laflamme,37119.0,37119.0,37119.0,0.0,7.0588235294117645,0.4411764705882353,905.3414634146342,0.4411764705882353,36713.333333333336,34615.833333333336,35381.0,1.0491224103332297,True
2017-08-01,2017-08,2017,8,24,Vicki Laflamme,63605.0,63605.0,63605.0,0.0,59.205128205128204,0.5384615384615384,1115.877192982456,0.5384615384615384,48462.666666666664,45216.666666666664,36713.333333333336,1.7324768476484473,True
2017-09-01,2017-09,2017,9,24,Vicki Laflamme,68014.0,68014.0,68014.0,0.0,63.793103448275865,0.9310344827586207,1743.948717948718,0.9310344827586207,56246.0,45813.5,48462.666666666664,1.403430819599967,True
2017-10-01,2017-10,2017,10,24,Vicki Laflamme,35655.0,35655.0,35655.0,0.0,5.066666666666666,0.43333333333333335,1048.6764705882354,0.43333333333333335,55758.0,46235.666666666664,56246.0,0.6339117448351883,False
2017-11-01,2017-11,2017,11,24,Vicki Laflamme,61416.0,61416.0,61416.0,0.0,56.473684210526315,0.631578947368421,1535.4,0.631578947368421,55028.333333333336,51745.5,55758.0,1.1014742279134833,True
2017-12-01,2017-12,2017,12,24,Vicki Laflamme,42011.0,42011.0,42011.0,0.0,69.58974358974359,0.7948717948717948,1077.2051282051282,0.7948717948717948,46360.666666666664,51303.333333333336,55028.333333333336,0.7634430747796589,False
2016-12-01,2016-12,2016,12,33,Zane Levy,0.0,0.0,0.0,0.0,,,0.0,,0.0,0.0,33082.153846153844,0.0,False
2017-01-01,2017-01,2017,1,33,Zane Levy,0.0,0.0,0.0,0.0,,,0.0,,0.0,0.0,0.0,,True
2017-02-01,2017-02,2017,2,33,Zane Levy,0.0,0.0,0.0,0.0,,,0.0,,0.0,0.0,0.0,,True
2017-03-01,2017-03,2017,3,33,Zane Levy,58248.0,58248.0,58248.0,0.0,57.958333333333336,0.75,1664.2285714285715,0.75,19416.0,14562.0,0.0,,True
2017-04-01,2017-04,2017,4,33,Zane Levy,51808.0,51808.0,51808.0,0.0,5.821428571428571,0.5,1480.2285714285715,0.5,36685.333333333336,22011.2,19416.0,2.6683147919241863,True
2017-05-01,2017-05,2017,5,33,Zane Levy,60364.0,60364.0,60364.0,0.0,52.34285714285714,0.5142857142857142,1403.8139534883721,0.5142857142857142,56806.666666666664,28403.333333333332,36685.333333333336,1.6454532238133313,True
2017-06-01,2017-06,2017,6,33,Zane Levy,51030.0,51030.0,51030.0,0.0,71.28,0.72,1417.5,0.72,54400.666666666664,36908.333333333336,56806.666666666664,0.8983100575049877,False
2017-07-01,2017-07,2017,7,33,Zane Levy,18582.0,18582.0,18582.0,0.0,7.0,0.32,546.5294117647059,0.32,43325.333333333336,40005.333333333336,54400.666666666664,0.34157669636401516,False
2017-08-01,2017-08,2017,8,33,Zane Levy,29400.0,29400.0,29400.0,0.0,59.89473684210526,0.7368421052631579,980.0,0.7368421052631579,33004.0,44905.333333333336,43325.333333333336,0.6785868160275743,False
2017-09-01,2017-09,2017,9,33,Zane Levy,47388.0,47388.0,47388.0,0.0,65.0,0.7916666666666666,1353.942857142857,0.7916666666666666,31790.0,43095.333333333336,33004.0,1.4358259604896375,True
2017-10-01,2017-10,2017,10,33,Zane Levy,49839.0,49839.0,49839.0,0.0,6.444444444444445,0.6296296296296297,1661.3,0.6296296296296297,42209.0,42767.166666666664,31790.0,1.5677571563384711,True
2017-11-01,2017-11,2017,11,33,Zane Levy,34091.0,34091.0,34091.0,0.0,61.3235294117647,0.5,897.1315789473684,0.5,43772.666666666664,38388.333333333336,42209.0,0.8076713497121467,False
2017-12-01,2017-12,2017,12,33,Zane Levy,29318.0,29318.0,29318.0,0.0,64.6,0.9,1274.695652173913,0.9,37749.333333333336,34769.666666666664,43772.666666666664,0.6697787051280099,False
2017-01-01,2017-01,2017,1,16,Wilburn Farren,0.0,0.0,0.0,0.0,,,0.0,,0.0,0.0,13136.666666666666,0.0,False
2017-02-01,2017-02,2017,2,16,Wilburn Farren,0.0,0.0,0.0,0.0,,,0.0,,0.0,0.0,0.0,,True
2017-03-01,2017-03,2017,3,16,Wilburn Farren,9890.0,9890.0,9890.0,0.0,78.6,0.6,899.0909090909091,0.6,3296.6666666666665,3296.6666666666665,0.0,,True
2017-04-01,2017-04,2017,4,16,Wilburn Farren,10342.0,10342.0,10342.0,0.0,6.857142857142857,0.42857142857142855,1034.2,0.42857142857142855,6744.0,5058.0,3296.6666666666665,3.137108190091001,True
2017-05-01,2017-05,2017,5,16,Wilburn Farren,22780.0,22780.0,22780.0,0.0,71.57142857142857,1.0,2070.909090909091,1.0,14337.333333333334,8602.4,6744.0,3.3778173190984577,True
2017-06-01,2017-06,2017,6,16,Wilburn Farren,7669.0,7669.0,7669.0,0.0,62.2,0.8,1278.1666666666667,0.8,13597.0,8446.833333333334,14337.333333333334,0.5348972379800986,False
2017-07-01,2017-07,2017,7,16,Wilburn Farren,4186.0,4186.0,4186.0,0.0,7.0,0.6,598.0,0.6,11545.0,9144.5,13597.0,0.30786202838861515,False
2017-08-01,2017-08,2017,8,16,Wilburn Farren,14092.0,14092.0,14092.0,0.0,63.18181818181818,0.6363636363636364,1084.0,0.6363636363636364,8649.0,11493.166666666666,11545.0,1.220614984841923,True
2017-09-01,2017-09,2017,9,16,Wilburn Farren,19599.0,19599.0,19599.0,0.0,94.16666666666667,1.0,2449.875,1.0,12625.666666666666,13111.333333333334,8649.0,2.2660423170308706,True
2017-10-01,2017-10,2017,10,16,Wilburn Farren,12003.0,12003.0,12003.0,0.0,6.428571428571429,0.7142857142857143,1091.1818181818182,0.7142857142857143,15231.333333333334,13388.166666666666,12625.666666666666,0.9506824722126885,False
2017-11-01,2017-11,2017,11,16,Wilburn Farren,20330.0,20330.0,20330.0,0.0,52.53846153846154,0.5384615384615384,1452.142857142857,0.5384615384615384,17310.666666666668,12979.833333333334,15231.333333333334,1.3347485446666958,True
2017-12-01,2017-12,2017,12,16,Wilburn Farren,36749.0,36749.0,36749.0,0.0,64.0,0.7692307692307693,2624.9285714285716,0.7692307692307693,23027.333333333332,17826.5,17310.666666666668,2.122910729415389,True
2016-11-01,2016-11,2016,11,26,Hayden Neloms,0.0,0.0,0.0,0.0,,,0.0,,0.0,0.0,19436.5,0.0,False
2016-12-01,2016-12,2016,12,26,Hayden Neloms,0.0,0.0,0.0,0.0,,,0.0,,0.0,0.0,0.0,,True
2017-01-01,2017-01,2017,1,26,Hayden Neloms,0.0,0.0,0.0,0.0,,,0.0,,0.0,0.0,0.0,,True
2017-02-01,2017-02,2017,2,26,Hayden Neloms,0.0,0.0,0.0,0.0,,,0.0,,0.0,0.0,0.0,,True
2017-03-01,2017-03,2017,3,26,Hayden Neloms,18182.0,18182.0,18182.0,0.0,80.18181818181819,0.9090909090909091,1136.375,0.9090909090909091,6060.666666666667,3636.4,0.0,,True
2017-04-01,2017-04,2017,4,26,Hayden Neloms,16267.0,16267.0,16267.0,0.0,6.470588235294118,0.47058823529411764,650.68,0.47058823529411764,11483.0,5741.5,6060.666666666667,2.6840281597184026,True
2017-05-01,2017-05,2017,5,26,Hayden Neloms,28731.0,28731.0,28731.0,0.0,62.5,0.7142857142857143,1305.9545454545455,0.7142857142857143,21060.0,10530.0,11483.0,2.502046503526953,True
2017-06-01,2017-06,2017,6,26,Hayden Neloms,37111.0,37111.0,37111.0,0.0,76.72222222222223,1.0,2061.722222222222,1.0,27369.666666666668,16715.166666666668,21060.0,1.7621557454890788,True
2017-07-01,2017-07,2017,7,26,Hayden Neloms,22801.0,22801.0,22801.0,0.0,6.777777777777778,0.4444444444444444,912.04,0.4444444444444444,29547.666666666668,20515.333333333332,27369.666666666668,0.8330755459206663,False
2017-08-01,2017-08,2017,8,26,Hayden Neloms,27350.0,27350.0,27350.0,0.0,45.666666666666664,0.75,1608.8235294117646,0.75,29087.333333333332,25073.666666666668,29547.666666666668,0.9256230046365759,False
2017-09-01,2017-09,2017,9,26,Hayden Neloms,23234.0,23234.0,23234.0,0.0,67.53333333333333,0.8,1222.842105263158,0.8,24461.666666666668,25915.666666666668,29087.333333333332,0.7987669317686966,False
2017-10-01,2017-10,2017,10,26,Hayden Neloms,30587.0,30587.0,30587.0,0.0,4.866666666666666,0.6666666666666666,1911.6875,0.6666666666666666,27057.0,28302.333333333332,24461.666666666668,1.2504053961981332,True
2017-11-01,2017-11,2017,11,26,Hayden Neloms,23672.0,23672.0,23672.0,0.0,72.71428571428571,0.42857142857142855,1690.857142857143,0.42857142857142855,25831.0,27459.166666666668,27057.0,0.8748937428391913,False
2017-12-01,2017-12,2017,12,26,Hayden Neloms,44176.0,44176.0,44176.0,0.0,65.94444444444444,0.8888888888888888,2325.0526315789475,0.8888888888888888,32811.666666666664,28636.666666666668,25831.0,1.7101931787387248,True
2017-03-01,2017-03,2017,3,7,Marty Freudenburg,20344.0,20344.0,20344.0,0.0,69.4,0.8,1356.2666666666667,0.8,20344.0,20344.0,29119.5,0.6986383694774979,False
2017-04-01,2017-04,2017,4,7,Marty Freudenburg,3377.0,3377.0,3377.0,0.0,6.2,0.4,337.7,0.4,11860.5,11860.5,20344.0,0.16599488792764452,False
2017-05-01,2017-05,2017,5,7,Marty Freudenburg,21683.0,21683.0,21683.0,0.0,64.73684210526316,0.42105263157894735,1141.2105263157894,0.42105263157894735,15134.666666666666,15134.666666666666,11860.5,1.8281691328358838,True
2017-06-01,2017-06,2017,6,7,Marty Freudenburg,42456.0,42456.0,42456.0,0.0,67.63636363636364,0.9545454545454546,1929.8181818181818,0.9545454545454546,22505.333333333332,21965.0,15134.666666666666,2.805215399524271,True
2017-07-01,2017-07,2017,7,7,Marty Freudenburg,40506.0,40506.0,40506.0,0.0,5.25,0.75,1038.6153846153845,0.75,34881.666666666664,25673.2,22505.333333333332,1.7998400379169384,True
2017-08-01,2017-08,2017,8,7,Marty Freudenburg,41521.0,41521.0,41521.0,0.0,51.68181818181818,0.6363636363636364,1153.361111111111,0.6363636363636364,41494.333333333336,28314.5,34881.666666666664,1.1903387643939032,True
2017-09-01,2017-09,2017,9,7,Marty Freudenburg,17437.0,17437.0,17437.0,0.0,78.33333333333333,0.6,1162.4666666666667,0.6,33154.666666666664,27830.0,41494.333333333336,0.4202260549633283,False
2017-10-01,2017-10,2017,10,7,Marty Freudenburg,45073.0,45073.0,45073.0,0.0,6.9655172413793105,0.4827586206896552,1554.2413793103449,0.4827586206896552,34677.0,34779.333333333336,33154.666666666664,1.3594767956245477,True
2017-11-01,2017-11,2017,11,7,Marty Freudenburg,24869.0,24869.0,24869.0,0.0,42.125,0.4583333333333333,1036.2083333333333,0.4583333333333333,29126.333333333332,35310.333333333336,34677.0,0.7171612307869769,False
2017-12-01,2017-12,2017,12,7,Marty Freudenburg,33929.0,33929.0,33929.0,0.0,83.05555555555556,0.7777777777777778,1884.9444444444443,0.7777777777777778,34623.666666666664,33889.166666666664,29126.333333333332,1.1648908776708362,True
2016-11-01,2016-11,2016,11,27,Markita Hansen,0.0,0.0,0.0,0.0,,,0.0,,0.0,0.0,23485.14285714286,0.0,False
2016-12-01,2016-12,2016,12,27,Markita Hansen,0.0,0.0,0.0,0.0,,,0.0,,0.0,0.0,0.0,,True
2017-01-01,2017-01,2017,1,27,Markita Hansen,0.0,0.0,0.0,0.0,,,0.0,,0.0,0.0,0.0,,True
2017-02-01,2017-02,2017,2,27,Markita Hansen,0.0,0.0,0.0,0.0,,,0.0,,0.0,0.0,0.0,,True
2017-03-01,2017-03,2017,3,27,Markita Hansen,32617.0,32617.0,32617.0,0.0,72.47368421052632,0.7894736842105263,1254.5,0.7894736842105263,10872.333333333334,6523.4,0.0,,True
2017-04-01,2017-04,2017,4,27,Markita Hansen,9417.0,9417.0,9417.0,0.0,5.6875,0.4375,348.77777777777777,0.4375,14011.333333333334,7005.666666666667,10872.333333333334,0.8661434221418278,False
2017-05-01,2017-05,2017,5,27,Markita Hansen,21547.0,21547.0,21547.0,0.0,59.30434782608695,0.43478260869565216,598.5277777777778,0.43478260869565216,21193.666666666668,10596.833333333334,14011.333333333334,1.5378265213874482,True
2017-06-01,2017-06,2017,6,27,Markita Hansen,70413.0,70413.0,70413.0,0.0,61.148148148148145,0.8148148148148148,2070.970588235294,0.8148148148148148,33792.333333333336,22332.333333333332,21193.666666666668,3.322360453594627,True
2017-07-01,2017-07,2017,7,27,Markita Hansen,14277.0,14277.0,14277.0,0.0,5.409090909090909,0.3181818181818182,594.875,0.3181818181818182,35412.333333333336,24711.833333333332,33792.333333333336,0.42249228128668237,False
2017-08-01,2017-08,2017,8,27,Markita Hansen,57529.0,57529.0,57529.0,0.0,55.87096774193548,0.5806451612903226,1403.1463414634147,0.5806451612903226,47406.333333333336,34300.0,35412.333333333336,1.6245470033980627,True
2017-09-01,2017-09,2017,9,27,Markita Hansen,67709.0,67709.0,67709.0,0.0,70.5,0.8,2943.8695652173915,0.8,46505.0,40148.666666666664,47406.333333333336,1.4282690779712977,True
2017-10-01,2017-10,2017,10,27,Markita Hansen,3726.0,3726.0,3726.0,0.0,6.363636363636363,0.22727272727272727,128.48275862068965,0.22727272727272727,42988.0,39200.166666666664,46505.0,0.08012041715944522,False
2017-11-01,2017-11,2017,11,27,Markita Hansen,25729.0,25729.0,25729.0,0.0,63.8,0.44,918.8928571428571,0.44,32388.0,39897.166666666664,42988.0,0.5985158648925282,False
2017-12-01,2017-12,2017,12,27,Markita Hansen,25828.0,25828.0,25828.0,0.0,67.86363636363636,0.8636363636363636,1122.9565217391305,0.8636363636363636,18427.666666666668,32466.333333333332,32388.0,0.7974558478448808,False
2017-03-01,2017-03,2017,3,5,Moses Frase,16112.0,16112.0,16112.0,0.0,74.94117647058823,0.8823529411764706,947.7647058823529,0.8823529411764706,16112.0,16112.0,20718.2,0.7776737361353785,False
2017-04-01,2017-04,2017,4,5,Moses Frase,11130.0,11130.0,11130.0,0.0,6.3076923076923075,0.23076923076923078,856.1538461538462,0.23076923076923078,13621.0,13621.0,16112.0,0.6907894736842105,False
2017-05-01,2017-05,2017,5,5,Moses Frase,28542.0,28542.0,28542.0,0.0,56.1875,0.59375,891.9375,0.59375,18594.666666666668,18594.666666666668,13621.0,2.0954408633727333,True
2017-06-01,2017-06,2017,6,5,Moses Frase,37284.0,37284.0,37284.0,0.0,83.54166666666667,0.875,1553.5,0.875,25652.0,23267.0,18594.666666666668,2.0050910655385055,True
2017-07-01,2017-07,2017,7,5,Moses Frase,20274.0,20274.0,20274.0,0.0,6.7272727272727275,0.5454545454545454,450.53333333333336,0.5454545454545454,28700.0,22668.4,25652.0,0.7903477311710588,False
2017-08-01,2017-08,2017,8,5,Moses Frase,14407.0,14407.0,14407.0,0.0,64.05263157894737,0.47368421052631576,480.23333333333335,0.47368421052631576,23988.333333333332,21291.5,28700.0,0.50198606271777,False
2017-09-01,2017-09,2017,9,5,Moses Frase,13209.0,13209.0,13209.0,0.0,83.46666666666667,0.9333333333333333,880.6,0.9333333333333333,15963.333333333334,20807.666666666668,23988.333333333332,0.5506426735218509,False
2017-10-01,2017-10,2017,10,5,Moses Frase,12267.0,12267.0,12267.0,0.0,7.888888888888889,0.8888888888888888,1363.0,0.8888888888888888,13294.333333333334,20997.166666666668,15963.333333333334,0.7684485278763834,False
2017-11-01,2017-11,2017,11,5,Moses Frase,15851.0,15851.0,15851.0,0.0,65.29166666666667,0.3333333333333333,660.4583333333334,0.3333333333333333,13775.666666666666,18882.0,13294.333333333334,1.1923125141037534,True
2017-12-01,2017-12,2017,12,5,Moses Frase,38106.0,38106.0,38106.0,0.0,84.3,1.0,1905.3,1.0,22074.666666666668,19019.0,13775.666666666666,2.7661819149708426,True
2017-03-01,2017-03,2017,3,9,Niesha Huffines,20510.0,20510.0,20510.0,0.0,77.3076923076923,0.9230769230769231,1577.6923076923076,0.9230769230769231,20510.0,20510.0,17696.1,1.159012437768774,True
2017-04-01,2017-04,2017,4,9,Niesha Huffines,18362.0,18362.0,18362.0,0.0,4.416666666666667,0.6666666666666666,1530.1666666666667,0.6666666666666666,19436.0,19436.0,20510.0,0.8952705997074598,False
2017-05-01,2017-05,2017,5,9,Niesha Huffines,31813.0,31813.0,31813.0,0.0,61.73076923076923,0.4230769230769231,1223.576923076923,0.4230769230769231,23561.666666666668,23561.666666666668,19436.0,1.6368079851821362,True
2017-06-01,2017-06,2017,6,9,Niesha Huffines,11214.0,11214.0,11214.0,0.0,58.75,0.75,700.875,0.75,20463.0,20474.75,23561.666666666668,0.47594256207116076,False
2017-07-01,2017-07,2017,7,9,Niesha Huffines,10114.0,10114.0,10114.0,0.0,7.684210526315789,0.5263157894736842,266.1578947368421,0.5263157894736842,17713.666666666668,18402.6,20463.0,0.494257928944925,False
2017-08-01,2017-08,2017,8,9,Niesha Huffines,11180.0,11180.0,11180.0,0.0,61.44444444444444,0.5,385.51724137931035,0.5,10836.0,17198.833333333332,17713.666666666668,0.6311510886133117,False
2017-09-01,2017-09,2017,9,9,Niesha Huffines,31879.0,31879.0,31879.0,0.0,80.38461538461539,0.7692307692307693,1226.1153846153845,0.7692307692307693,17724.333333333332,19093.666666666668,10836.0,2.941952750092285,True
2017-10-01,2017-10,2017,10,9,Niesha Huffines,2779.0,2779.0,2779.0,0.0,8.0,0.3,277.9,0.3,15279.333333333334,16496.5,17724.333333333332,0.15679010023884304,False
2017-11-01,2017-11,2017,11,9,Niesha Huffines,14897.0,14897.0,14897.0,0.0,58.40909090909091,0.4090909090909091,677.1363636363636,0.4090909090909091,16518.333333333332,13677.166666666666,15279.333333333334,0.9749770932414153,False
2017-12-01,2017-12,2017,12,9,Niesha Huffines,24213.0,24213.0,24213.0,0.0,68.46153846153847,0.8461538461538461,1862.5384615384614,0.8461538461538461,13963.0,15843.666666666666,16518.333333333332,1.4658258500655839,True
2016-12-01,2016-12,2016,12,14,Rosie Papadopoulos,0.0,0.0,0.0,0.0,,,0.0,,0.0,0.0,17705.30769230769,0.0,False
2017-01-01,2017-01,2017,1,14,Rosie Papadopoulos,0.0,0.0,0.0,0.0,,,0.0,,0.0,0.0,0.0,,True
2017-02-01,2017-02,2017,2,14,Rosie Papadopoulos,0.0,0.0,0.0,0.0,,,0.0,,0.0,0.0,0.0,,True
2017-03-01,2017-03,2017,3,14,Rosie Papadopoulos,18108.0,18108.0,18108.0,0.0,62.333333333333336,0.6666666666666666,1006.0,0.6666666666666666,6036.0,4527.0,0.0,,True
2017-04-01,2017-04,2017,4,14,Rosie Papadopoulos,29426.0,29426.0,29426.0,0.0,5.285714285714286,0.8571428571428571,2675.090909090909,0.8571428571428571,15844.666666666666,9506.8,6036.0,4.875082836315441,True
2017-05-01,2017-05,2017,5,14,Rosie Papadopoulos,35776.0,35776.0,35776.0,0.0,46.94736842105263,0.5789473684210527,1626.1818181818182,0.5789473684210527,27770.0,13885.0,15844.666666666666,2.257920646274246,True
2017-06-01,2017-06,2017,6,14,Rosie Papadopoulos,28578.0,28578.0,28578.0,0.0,73.0,0.6428571428571429,1299.0,0.6428571428571429,31260.0,18648.0,27770.0,1.029096146921138,True
2017-07-01,2017-07,2017,7,14,Rosie Papadopoulos,12821.0,12821.0,12821.0,0.0,5.545454545454546,0.7272727272727273,801.3125,0.7272727272727273,25725.0,20784.833333333332,31260.0,0.4101407549584133,False
2017-08-01,2017-08,2017,8,14,Rosie Papadopoulos,21886.0,21886.0,21886.0,0.0,55.083333333333336,0.6666666666666666,1287.4117647058824,0.6666666666666666,21095.0,24432.5,25725.0,0.8507677356656949,False
2017-09-01,2017-09,2017,9,14,Rosie Papadopoulos,25078.0,25078.0,25078.0,0.0,40.625,0.875,2279.818181818182,0.875,19928.333333333332,25594.166666666668,21095.0,1.188812514813937,True
2017-10-01,2017-10,2017,10,14,Rosie Papadopoulos,14363.0,14363.0,14363.0,0.0,6.777777777777778,0.4444444444444444,1436.3,0.4444444444444444,20442.333333333332,23083.666666666668,19928.333333333332,0.720732625240445,False
2017-11-01,2017-11,2017,11,14,Rosie Papadopoulos,23256.0,23256.0,23256.0,0.0,54.25,0.5,1368.0,0.5,20899.0,20997.0,20442.333333333332,1.1376392127447943,True
2017-12-01,2017-12,2017,12,14,Rosie Papadopoulos,20877.0,20877.0,20877.0,0.0,68.38461538461539,0.6923076923076923,1605.923076923077,0.6923076923076923,19498.666666666668,19713.5,20899.0,0.9989473180534953,False
2016-11-01,2016-11,2016,11,30,James Ascencio,0.0,0.0,0.0,0.0,,,0.0,,0.0,0.0,29538.071428571428,0.0,False
2016-12-01,2016-12,2016,12,30,James Ascencio,0.0,0.0,0.0,0.0,,,0.0,,0.0,0.0,0.0,,True
2017-01-01,2017-01,2017,1,30,James Ascencio,0.0,0.0,0.0,0.0,,,0.0,,0.0,0.0,0.0,,True
2017-02-01,2017-02,2017,2,30,James Ascencio,0.0,0.0,0.0,0.0,,,0.0,,0.0,0.0,0.0,,True
2017-03-01,2017-03,2017,3,30,James Ascencio,45839.0,45839.0,45839.0,0.0,69.72222222222223,0.8888888888888888,1763.0384615384614,0.8888888888888888,15279.666666666666,9167.8,0.0,,True
2017-04-01,2017-04,2017,4,30,James Ascencio,12822.0,12822.0,12822.0,0.0,5.846153846153846,0.46153846153846156,754.2352941176471,0.46153846153846156,19553.666666666668,9776.833333333334,15279.666666666666,0.8391544318157028,False
2017-05-01,2017-05,2017,5,30,James Ascencio,57731.0,57731.0,57731.0,0.0,56.833333333333336,0.6,1519.2368421052631,0.6,38797.333333333336,19398.666666666668,19553.666666666668,2.952438587818141,True
2017-06-01,2017-06,2017,6,30,James Ascencio,43243.0,43243.0,43243.0,0.0,71.28571428571429,0.7142857142857143,1491.1379310344828,0.7142857142857143,37932.0,26605.833333333332,38797.333333333336,1.11458691318991,True
2017-07-01,2017-07,2017,7,30,James Ascencio,25775.0,25775.0,25775.0,0.0,6.0,0.4,1288.75,0.4,42249.666666666664,30901.666666666668,37932.0,0.6795054307708531,False
2017-08-01,2017-08,2017,8,30,James Ascencio,46101.0,46101.0,46101.0,0.0,62.4,0.5666666666666667,1440.65625,0.5666666666666667,38373.0,38585.166666666664,42249.666666666664,1.0911565377241637,True
2017-09-01,2017-09,2017,9,30,James Ascencio,57084.0,57084.0,57084.0,0.0,55.916666666666664,1.0,2594.7272727272725,1.0,42986.666666666664,40459.333333333336,38373.0,1.4876084747087797,True
2017-10-01,2017-10,2017,10,30,James Ascencio,37504.0,37504.0,37504.0,0.0,7.352941176470588,0.5294117647058824,1973.8947368421052,0.5294117647058824,46896.333333333336,44573.0,42986.666666666664,0.8724565756823822,False
2017-11-01,2017-11,2017,11,30,James Ascencio,42870.0,42870.0,42870.0,0.0,59.06896551724138,0.5862068965517241,1429.0,0.5862068965517241,45819.333333333336,42096.166666666664,46896.333333333336,0.9141439629253175,False
2017-12-01,2017-12,2017,12,30,James Ascencio,44564.0,44564.0,44564.0,0.0,66.47619047619048,0.9047619047619048,2122.095238095238,0.9047619047619048,41646.0,42316.333333333336,45819.333333333336,0.9726025404123441,False
2017-03-01,2017-03,2017,3,8,Gladys Colclough,44547.0,44547.0,44547.0,0.0,69.22727272727273,0.8181818181818182,2024.8636363636363,0.8181818181818182,44547.0,44547.0,34567.4,1.2886997575750563,True
2017-04-01,2017-04,2017,4,8,Gladys Colclough,16745.0,16745.0,16745.0,0.0,6.04,0.4,669.8,0.4,30646.0,30646.0,44547.0,0.3758951220059712,False
2017-05-01,2017-05,2017,5,8,Gladys Colclough,18844.0,18844.0,18844.0,0.0,66.27777777777777,0.3888888888888889,1046.888888888889,0.3888888888888889,26712.0,26712.0,30646.0,0.6148926450433988,False
2017-06-01,2017-06,2017,6,8,Gladys Colclough,44823.0,44823.0,44823.0,0.0,81.04545454545455,0.7727272727272727,2037.409090909091,0.7727272727272727,26804.0,31239.75,26712.0,1.6780098831985624,True
2017-07-01,2017-07,2017,7,8,Gladys Colclough,40217.0,40217.0,40217.0,0.0,5.9,0.6,874.2826086956521,0.6,34628.0,33035.2,26804.0,1.5004103865094762,True
2017-08-01,2017-08,2017,8,8,Gladys Colclough,34205.0,34205.0,34205.0,0.0,64.1923076923077,0.5769230769230769,950.1388888888889,0.5769230769230769,39748.333333333336,33230.166666666664,34628.0,0.987784451888645,False
2017-09-01,2017-09,2017,9,8,Gladys Colclough,48976.0,48976.0,48976.0,0.0,55.95238095238095,0.7142857142857143,2332.190476190476,0.7142857142857143,41132.666666666664,33968.333333333336,39748.333333333336,1.2321522915006917,True
2017-10-01,2017-10,2017,10,8,Gladys Colclough,12263.0,12263.0,12263.0,0.0,4.818181818181818,0.22727272727272727,557.4090909090909,0.22727272727272727,31814.666666666668,33221.333333333336,41132.666666666664,0.2981328708731098,False
2017-11-01,2017-11,2017,11,8,Gladys Colclough,31913.0,31913.0,31913.0,0.0,60.23076923076923,0.46153846153846156,1227.423076923077,0.46153846153846156,31050.666666666668,35399.5,31814.666666666668,1.0030908176522357,True
2017-12-01,2017-12,2017,12,8,Gladys Colclough,53141.0,53141.0,53141.0,0.0,62.86666666666667,0.8,1771.3666666666666,0.8,32439.0,36785.833333333336,31050.666666666668,1.7114286327722432,True
2016-11-01,2016-11,2016,11,13,Corliss Cosme,0.0,0.0,0.0,0.0,,,0.0,,0.0,0.0,30074.0,0.0,False
2016-12-01,2016-12,2016,12,13,Corliss Cosme,0.0,0.0,0.0,0.0,,,0.0,,0.0,0.0,0.0,,True
2017-01-01,2017-01,2017,1,13,Corliss Cosme,0.0,0.0,0.0,0.0,,,0.0,,0.0,0.0,0.0,,True
2017-02-01,2017-02,2017,2,13,Corliss Cosme,0.0,0.0,0.0,0.0,,,0.0,,0.0,0.0,0.0,,True
2017-03-01,2017-03,2017,3,13,Corliss Cosme,53967.0,53967.0,53967.0,0.0,64.08333333333333,0.9583333333333334,1740.8709677419354,0.9583333333333334,17989.0,10793.4,0.0,,True
2017-04-01,2017-04,2017,4,13,Corliss Cosme,22754.0,22754.0,22754.0,0.0,6.25,0.4375,989.304347826087,0.4375,25573.666666666668,12786.833333333334,17989.0,1.2648840958363445,True
2017-05-01,2017-05,2017,5,13,Corliss Cosme,41454.0,41454.0,41454.0,0.0,62.0,0.5384615384615384,1036.35,0.5384615384615384,39391.666666666664,19695.833333333332,25573.666666666668,1.6209642731455534,True
2017-06-01,2017-06,2017,6,13,Corliss Cosme,50154.0,50154.0,50154.0,0.0,66.55555555555556,0.8333333333333334,2006.16,0.8333333333333334,38120.666666666664,28054.833333333332,39391.666666666664,1.2732134546223821,True
2017-07-01,2017-07,2017,7,13,Corliss Cosme,35224.0,35224.0,35224.0,0.0,6.75,0.4583333333333333,1100.75,0.4583333333333333,42277.333333333336,33925.5,38120.666666666664,0.9240132211748658,False
2017-08-01,2017-08,2017,8,13,Corliss Cosme,32506.0,32506.0,32506.0,0.0,53.869565217391305,0.5217391304347826,1160.9285714285713,0.5217391304347826,39294.666666666664,39343.166666666664,42277.333333333336,0.768875362684496,False
2017-09-01,2017-09,2017,9,13,Corliss Cosme,78782.0,78782.0,78782.0,0.0,53.785714285714285,0.8928571428571429,2250.9142857142856,0.8928571428571429,48837.333333333336,43479.0,39294.666666666664,2.0049031251060367,True
2017-10-01,2017-10,2017,10,13,Corliss Cosme,23413.0,23413.0,23413.0,0.0,5.588235294117647,0.6470588235294118,1114.904761904762,0.6470588235294118,44900.333333333336,43588.833333333336,48837.333333333336,0.47940783007535215,False
2017-11-01,2017-11,2017,11,13,Corliss Cosme,45120.0,45120.0,45120.0,0.0,60.1875,0.59375,1253.3333333333333,0.59375,49105.0,44199.833333333336,44900.333333333336,1.0048923170577797,True
2017-12-01,2017-12,2017,12,13,Corliss Cosme,37662.0,37662.0,37662.0,0.0,68.42857142857143,0.6190476190476191,1793.4285714285713,0.6190476190476191,35398.333333333336,42117.833333333336,49105.0,0.7669687404541289,False
2016-11-01,2016-11,2016,11,19,Cassey Cress,0.0,0.0,0.0,0.0,,,0.0,,0.0,0.0,32177.785714285714,0.0,False
2016-12-01,2016-12,2016,12,19,Cassey Cress,0.0,0.0,0.0,0.0,,,0.0,,0.0,0.0,0.0,,True
2017-01-01,2017-01,2017,1,19,Cassey Cress,0.0,0.0,0.0,0.0,,,0.0,,0.0,0.0,0.0,,True
2017-02-01,2017-02,2017,2,19,Cassey Cress,0.0,0.0,0.0,0.0,,,0.0,,0.0,0.0,0.0,,True
2017-03-01,2017-03,2017,3,19,Cassey Cress,67594.0,67594.0,67594.0,0.0,47.73076923076923,0.8846153846153846,1733.179487179487,0.8846153846153846,22531.333333333332,13518.8,0.0,,True
2017-04-01,2017-04,2017,4,19,Cassey Cress,28684.0,28684.0,28684.0,0.0,6.45,0.55,1062.3703703703704,0.55,32092.666666666668,16046.333333333334,22531.333333333332,1.2730715744000947,True
2017-05-01,2017-05,2017,5,19,Cassey Cress,53415.0,53415.0,53415.0,0.0,49.75,0.5625,1369.6153846153845,0.5625,49897.666666666664,24948.833333333332,32092.666666666668,1.6643989281040321,True
2017-06-01,2017-06,2017,6,19,Cassey Cress,60722.0,60722.0,60722.0,0.0,71.58333333333333,0.7916666666666666,2024.0666666666666,0.7916666666666666,47607.0,35069.166666666664,49897.666666666664,1.2169306513998652,True
2017-07-01,2017-07,2017,7,19,Cassey Cress,26228.0,26228.0,26228.0,0.0,6.518518518518518,0.4074074074074074,708.8648648648649,0.4074074074074074,46788.333333333336,39440.5,47607.0,0.5509273846283109,False
2017-08-01,2017-08,2017,8,19,Cassey Cress,40574.0,40574.0,40574.0,0.0,65.41935483870968,0.5483870967741935,922.1363636363636,0.5483870967741935,42508.0,46202.833333333336,46788.333333333336,0.8671819898122751,False
2017-09-01,2017-09,2017,9,19,Cassey Cress,63180.0,63180.0,63180.0,0.0,59.303030303030305,0.7575757575757576,1579.5,0.7575757575757576,43327.333333333336,45467.166666666664,42508.0,1.4863084595840783,True
2017-10-01,2017-10,2017,10,19,Cassey Cress,26434.0,26434.0,26434.0,0.0,6.125,0.4375,1391.2631578947369,0.4375,43396.0,45092.166666666664,43327.333333333336,0.6100998599806127,False
2017-11-01,2017-11,2017,11,19,Cassey Cress,47205.0,47205.0,47205.0,0.0,50.53125,0.59375,1348.7142857142858,0.59375,45606.333333333336,44057.166666666664,43396.0,1.0877730666420868,True
2017-12-01,2017-12,2017,12,19,Cassey Cress,36453.0,36453.0,36453.0,0.0,72.0,0.65,1656.9545454545455,0.65,36697.333333333336,40012.333333333336,45606.333333333336,0.7992968812811085,False
2017-03-01,2017-03,2017,3,10,Darcel Schlecht,112255.0,112255.0,112255.0,0.0,72.33333333333333,0.7719298245614035,1969.3859649122808,0.7719298245614035,112255.0,112255.0,115321.4,0.9734099655397871,False
2017-04-01,2017-04,2017,4,10,Darcel Schlecht,92830.0,92830.0,92830.0,0.0,6.660714285714286,0.4642857142857143,1657.6785714285713,0.4642857142857143,102542.5,102542.5,112255.0,0.8269564830074384,False
2017-05-01,2017-05,2017,5,10,Darcel Schlecht,95118.0,95118.0,95118.0,0.0,68.56140350877193,0.5789473684210527,1668.7368421052631,0.5789473684210527,100067.66666666667,100067.66666666667,102542.5,0.9275958748811468,False
2017-06-01,2017-06,2017,6,10,Darcel Schlecht,122127.0,122127.0,122127.0,0.0,67.30232558139535,0.8604651162790697,2840.1627906976746,0.8604651162790697,103358.33333333333,105582.5,100067.66666666667,1.2204441661142627,True
2017-07-01,2017-07,2017,7,10,Darcel Schlecht,96411.0,96411.0,96411.0,0.0,6.169491525423729,0.5084745762711864,771.288,0.5084745762711864,104552.0,103748.2,103358.33333333333,0.9327840038700315,False
2017-08-01,2017-08,2017,8,10,Darcel Schlecht,140273.0,140273.0,140273.0,0.0,62.06578947368421,0.6052631578947368,1508.3118279569892,0.6052631578947368,119603.66666666667,109835.66666666667,104552.0,1.3416577396893412,True
2017-09-01,2017-09,2017,9,10,Darcel Schlecht,136534.0,136534.0,136534.0,0.0,52.369565217391305,0.8478260869565217,2968.1304347826085,0.8478260869565217,124406.0,113882.16666666667,119603.66666666667,1.141553631298929,True
2017-10-01,2017-10,2017,10,10,Darcel Schlecht,130432.0,130432.0,130432.0,0.0,5.661290322580645,0.5161290322580645,2103.7419354838707,0.5161290322580645,135746.33333333334,120149.16666666667,124406.0,1.0484381782229153,True
2017-11-01,2017-11,2017,11,10,Darcel Schlecht,108018.0,108018.0,108018.0,0.0,58.345454545454544,0.5454545454545454,1963.9636363636364,0.5454545454545454,124994.66666666667,122299.16666666667,135746.33333333334,0.7957342003098917,False
2017-12-01,2017-12,2017,12,10,Darcel Schlecht,119216.0,119216.0,119216.0,0.0,71.5,0.7619047619047619,2838.4761904761904,0.7619047619047619,119222.0,121814.0,124994.66666666667,0.9537686941309496,False
2016-11-01,2016-11,2016,11,18,Daniell Hammack,0.0,0.0,0.0,0.0,,,0.0,,0.0,0.0,26016.35714285714,0.0,False
2016-12-01,2016-12,2016,12,18,Daniell Hammack,0.0,0.0,0.0,0.0,,,0.0,,0.0,0.0,0.0,,True
2017-01-01,2017-01,2017,1,18,Daniell Hammack,0.0,0.0,0.0,0.0,,,0.0,,0.0,0.0,0.0,,True
2017-02-01,2017-02,2017,2,18,Daniell Hammack,0.0,0.0,0.0,0.0,,,0.0,,0.0,0.0,0.0,,True
2017-03-01,2017-03,2017,3,18,Daniell Hammack,31711.0,31711.0,31711.0,0.0,60.6875,0.6875,1268.44,0.6875,10570.333333333334,6342.2,0.0,,True
2017-04-01,2017-04,2017,4,18,Daniell Hammack,34812.0,34812.0,34812.0,0.0,4.833333333333333,0.5555555555555556,1450.5,0.5555555555555556,22174.333333333332,11087.166666666666,10570.333333333334,3.2933682318438393,True
2017-05-01,2017-05,2017,5,18,Daniell Hammack,28506.0,28506.0,28506.0,0.0,71.77777777777777,0.5555555555555556,1295.7272727272727,0.5555555555555556,31676.333333333332,15838.166666666666,22174.333333333332,1.2855403394314748,True
2017-06-01,2017-06,2017,6,18,Daniell Hammack,111830.0,111830.0,111830.0,0.0,49.03125,0.84375,2727.560975609756,0.84375,58382.666666666664,34476.5,31676.333333333332,3.5303959843837145,True
2017-07-01,2017-07,2017,7,18,Daniell Hammack,22526.0,22526.0,22526.0,0.0,5.1875,0.375,1023.9090909090909,0.375,54287.333333333336,38230.833333333336,58382.666666666664,0.38583369493228586,False
2017-08-01,2017-08,2017,8,18,Daniell Hammack,21694.0,21694.0,21694.0,0.0,41.526315789473685,0.5263157894736842,748.0689655172414,0.5263157894736842,52016.666666666664,41846.5,54287.333333333336,0.3996143974653387,False
2017-09-01,2017-09,2017,9,18,Daniell Hammack,34484.0,34484.0,34484.0,0.0,71.625,0.8125,1642.095238095238,0.8125,26234.666666666668,42308.666666666664,52016.666666666664,0.6629413649471324,False
2017-10-01,2017-10,2017,10,18,Daniell Hammack,18628.0,18628.0,18628.0,0.0,7.25,0.5,887.047619047619,0.5,24935.333333333332,39611.333333333336,26234.666666666668,0.7100528562715999,False
2017-11-01,2017-11,2017,11,18,Daniell Hammack,15171.0,15171.0,15171.0,0.0,53.9,0.35,689.5909090909091,0.35,22761.0,37388.833333333336,24935.333333333332,0.6084137636018502,False
2017-12-01,2017-12,2017,12,18,Daniell Hammack,44867.0,44867.0,44867.0,0.0,78.625,0.75,2639.235294117647,0.75,26222.0,26228.333333333332,22761.0,1.9712227055050304,True
2016-11-01,2016-11,2016,11,34,Maureen Marcano,0.0,0.0,0.0,0.0,,,0.0,,0.0,0.0,25028.214285714286,0.0,False
2016-12-01,2016-12,2016,12,34,Maureen Marcano,0.0,0.0,0.0,0.0,,,0.0,,0.0,0.0,0.0,,True
2017-01-01,2017-01,2017,1,34,Maureen Marcano,0.0,0.0,0.0,0.0,,,0.0,,0.0,0.0,0.0,,True
2017-02-01,2017-02,2017,2,34,Maureen Marcano,0.0,0.0,0.0,0.0,,,0.0,,0.0,0.0,0.0,,True
2017-03-01,2017-03,2017,3,34,Maureen Marcano,45776.0,45776.0,45776.0,0.0,66.84615384615384,0.8461538461538461,1476.6451612903227,0.8461538461538461,15258.666666666666,9155.2,0.0,,True
2017-04-01,2017-04,2017,4,34,Maureen Marcano,28426.0,28426.0,28426.0,0.0,6.476190476190476,0.5714285714285714,1093.3076923076924,0.5714285714285714,24734.0,12367.0,15258.666666666666,1.8629412792729816,True
2017-05-01,2017-05,2017,5,34,Maureen Marcano,44551.0,44551.0,44551.0,0.0,56.0,0.6956521739130435,1392.21875,0.6956521739130435,39584.333333333336,19792.166666666668,24734.0,1.8012048192771084,True
2017-06-01,2017-06,2017,6,34,Maureen Marcano,23888.0,23888.0,23888.0,0.0,80.61111111111111,0.7777777777777778,1137.5238095238096,0.7777777777777778,32288.333333333332,23773.5,39584.333333333336,0.6034710702045422,False
2017-07-01,2017-07,2017,7,34,Maureen Marcano,25029.0,25029.0,25029.0,0.0,6.705882352941177,0.47058823529411764,1001.16,0.47058823529411764,31156.0,27945.0,32288.333333333332,0.775171630619935,False
2017-08-01,2017-08,2017,8,34,Maureen Marcano,20102.0,20102.0,20102.0,0.0,57.19230769230769,0.6153846153846154,591.2352941176471,0.6153846153846154,23006.333333333332,31295.333333333332,31156.0,0.645204775966106,False
2017-09-01,2017-09,2017,9,34,Maureen Marcano,60280.0,60280.0,60280.0,0.0,65.61538461538461,0.9230769230769231,1772.9411764705883,0.9230769230769231,35137.0,33712.666666666664,23006.333333333332,2.6201480751677075,True
2017-10-01,2017-10,2017,10,34,Maureen Marcano,4505.0,4505.0,4505.0,0.0,8.75,0.125,450.5,0.125,28295.666666666668,29725.833333333332,35137.0,0.12821242564817714,False
2017-11-01,2017-11,2017,11,34,Maureen Marcano,36577.0,36577.0,36577.0,0.0,50.95454545454545,0.6363636363636364,1463.08,0.6363636363636364,33787.333333333336,28396.833333333332,28295.666666666668,1.2926714337884482,True
2017-12-01,2017-12,2017,12,34,Maureen Marcano,61261.0,61261.0,61261.0,0.0,62.84615384615385,0.8461538461538461,2268.925925925926,0.8461538461538461,34114.333333333336,34625.666666666664,33787.333333333336,1.813135099938833,True
2017-03-01,2017-03,2017,3,1,Anna Snelling,47208.0,47208.0,47208.0,0.0,67.05714285714286,0.7142857142857143,1348.8,0.7142857142857143,47208.0,47208.0,27505.6,1.7163050433366298,True
2017-04-01,2017-04,2017,4,1,Anna Snelling,23699.0,23699.0,23699.0,0.0,6.133333333333334,0.5666666666666667,789.9666666666667,0.5666666666666667,35453.5,35453.5,47208.0,0.5020123707846128,False
2017-05-01,2017-05,2017,5,1,Anna Snelling,22347.0,22347.0,22347.0,0.0,56.1578947368421,0.5263157894736842,588.078947368421,0.5263157894736842,31084.666666666668,31084.666666666668,35453.5,0.6303185863172889,False
2017-06-01,2017-06,2017,6,1,Anna Snelling,36426.0,36426.0,36426.0,0.0,66.97222222222223,0.9444444444444444,1011.8333333333334,0.9444444444444444,27490.666666666668,32420.0,31084.666666666668,1.1718317712913118,True
2017-07-01,2017-07,2017,7,1,Anna Snelling,10784.0,10784.0,10784.0,0.0,6.961538461538462,0.5,163.3939393939394,0.5,23185.666666666668,28092.8,27490.666666666668,0.3922785915219711,False
2017-08-01,2017-08,2017,8,1,Anna Snelling,32157.0,32157.0,32157.0,0.0,66.8936170212766,0.48936170212765956,502.453125,0.48936170212765956,26455.666666666668,28770.166666666668,23185.666666666668,1.3869344566326898,True
2017-09-01,2017-09,2017,9,1,Anna Snelling,29557.0,29557.0,29557.0,0.0,57.0,0.7037037037037037,1094.7037037037037,0.7037037037037037,24166.0,25828.333333333332,26455.666666666668,1.117227563092973,True
2017-10-01,2017-10,2017,10,1,Anna Snelling,15416.0,15416.0,15416.0,0.0,6.3076923076923075,0.34615384615384615,592.9230769230769,0.34615384615384615,25710.0,24447.833333333332,24166.0,0.6379210460978234,False
2017-11-01,2017-11,2017,11,1,Anna Snelling,21008.0,21008.0,21008.0,0.0,70.26829268292683,0.5365853658536586,512.390243902439,0.5365853658536586,21993.666666666668,24224.666666666668,25710.0,0.8171139634383509,False
2017-12-01,2017-12,2017,12,1,Anna Snelling,36454.0,36454.0,36454.0,0.0,60.233333333333334,0.8666666666666667,1215.1333333333334,0.8666666666666667,24292.666666666668,24229.333333333332,21993.666666666668,1.6574771525136023,True
2017-03-01,2017-03,2017,3,15,Garret Kinder,28117.0,28117.0,28117.0,0.0,54.1875,0.8125,1757.3125,0.8125,28117.0,28117.0,19777.3,1.4216804113807244,True
2017-04-01,2017-04,2017,4,15,Garret Kinder,11616.0,11616.0,11616.0,0.0,7.7,0.3,1161.6,0.3,19866.5,19866.5,28117.0,0.4131308461073372,False
2017-05-01,2017-05,2017,5,15,Garret Kinder,26139.0,26139.0,26139.0,0.0,67.22222222222223,0.6111111111111112,1452.1666666666667,0.6111111111111112,21957.333333333332,21957.333333333332,19866.5,1.315732514534518,True
2017-06-01,2017-06,2017,6,15,Garret Kinder,31817.0,31817.0,31817.0,0.0,70.4,0.8,3181.7,0.8,23190.666666666668,24422.25,21957.333333333332,1.4490375273257228,True
2017-07-01,2017-07,2017,7,15,Garret Kinder,11072.0,11072.0,11072.0,0.0,8.285714285714286,0.7142857142857143,1581.7142857142858,0.7142857142857143,23009.333333333332,21752.2,23190.666666666668,0.47743345023860173,False
2017-08-01,2017-08,2017,8,15,Garret Kinder,18908.0,18908.0,18908.0,0.0,68.15384615384616,0.6153846153846154,1454.4615384615386,0.6153846153846154,20599.0,21278.166666666668,23009.333333333332,0.8217534913368488,False
2017-09-01,2017-09,2017,9,15,Garret Kinder,17292.0,17292.0,17292.0,0.0,67.64285714285714,0.7857142857142857,1235.142857142857,0.7857142857142857,15757.333333333334,19474.0,20599.0,0.8394582261274819,False
2017-10-01,2017-10,2017,10,15,Garret Kinder,27224.0,27224.0,27224.0,0.0,5.785714285714286,0.5,1944.5714285714287,0.5,21141.333333333332,22075.333333333332,15757.333333333334,1.7277035031308172,True
2017-11-01,2017-11,2017,11,15,Garret Kinder,21458.0,21458.0,21458.0,0.0,50.266666666666666,0.4,1430.5333333333333,0.4,21991.333333333332,21295.166666666668,21141.333333333332,1.014978557013118,True
2017-12-01,2017-12,2017,12,15,Garret Kinder,4130.0,4130.0,4130.0,0.0,82.83333333333333,0.5,688.3333333333334,0.5,17604.0,16680.666666666668,21991.333333333332,0.1878012550398642,False
2016-12-01,2016-12,2016,12,22,Boris Faz,0.0,0.0,0.0,0.0,,,0.0,,0.0,0.0,20125.46153846154,0.0,False
2017-01-01,2017-01,2017,1,22,Boris Faz,0.0,0.0,0.0,0.0,,,0.0,,0.0,0.0,0.0,,True
2017-02-01,2017-02,2017,2,22,Boris Faz,0.0,0.0,0.0,0.0,,,0.0,,0.0,0.0,0.0,,True
2017-03-01,2017-03,2017,3,22,Boris Faz,22017.0,22017.0,22017.0,0.0,54.666666666666664,0.7777777777777778,1467.8,0.7777777777777778,7339.0,5504.25,0.0,,True
2017-04-01,2017-04,2017,4,22,Boris Faz,18957.0,18957.0,18957.0,0.0,5.65,0.5,758.28,0.5,13658.0,8194.8,7339.0,2.583049461779534,True
2017-05-01,2017-05,2017,5,22,Boris Faz,16828.0,16828.0,16828.0,0.0,49.875,0.5625,601.0,0.5625,19267.333333333332,9633.666666666666,13658.0,1.2320984038658662,True
2017-06-01,2017-06,2017,6,22,Boris Faz,27549.0,27549.0,27549.0,0.0,65.15384615384616,0.7692307692307693,1836.6,0.7692307692307693,21111.333333333332,14225.166666666666,19267.333333333332,1.4298294176672088,True
2017-07-01,2017-07,2017,7,22,Boris Faz,11882.0,11882.0,11882.0,0.0,8.818181818181818,0.5454545454545454,594.1,0.5454545454545454,18753.0,16205.5,21111.333333333332,0.5628256544667951,False
2017-08-01,2017-08,2017,8,22,Boris Faz,19633.0,19633.0,19633.0,0.0,53.6,0.6666666666666666,853.6086956521739,0.6666666666666666,19688.0,19477.666666666668,18753.0,1.0469258252013012,True
2017-09-01,2017-09,2017,9,22,Boris Faz,48543.0,48543.0,48543.0,0.0,54.526315789473685,0.7894736842105263,2110.5652173913045,0.7894736842105263,26686.0,23898.666666666668,19688.0,2.4656135717188135,True
2017-10-01,2017-10,2017,10,22,Boris Faz,15401.0,15401.0,15401.0,0.0,5.846153846153846,0.38461538461538464,1100.0714285714287,0.38461538461538464,27859.0,23306.0,26686.0,0.5771190886607209,False
2017-11-01,2017-11,2017,11,22,Boris Faz,24077.0,24077.0,24077.0,0.0,51.642857142857146,0.7142857142857143,1416.2941176470588,0.7142857142857143,29340.333333333332,24514.166666666668,27859.0,0.8642449477727125,False
2017-12-01,2017-12,2017,12,22,Boris Faz,56744.0,56744.0,56744.0,0.0,71.04347826086956,0.8260869565217391,2364.3333333333335,0.8260869565217391,32074.0,29380.0,29340.333333333332,1.9339930243919066,True
2016-12-01,2016-12,2016,12,31,Kary Hendrixson,0.0,0.0,0.0,0.0,,,0.0,,0.0,0.0,34946.0,0.0,False
2017-01-01,2017-01,2017,1,31,Kary Hendrixson,0.0,0.0,0.0,0.0,,,0.0,,0.0,0.0,0.0,,True
2017-02-01,2017-02,2017,2,31,Kary Hendrixson,0.0,0.0,0.0,0.0,,,0.0,,0.0,0.0,0.0,,True
2017-03-01,2017-03,2017,3,31,Kary Hendrixson,92218.0,92218.0,92218.0,0.0,72.76190476190476,0.8571428571428571,1617.859649122807,0.8571428571428571,30739.333333333332,23054.5,0.0,,True
2017-04-01,2017-04,2017,4,31,Kary Hendrixson,41027.0,41027.0,41027.0,0.0,4.6,0.45714285714285713,872.9148936170212,0.45714285714285713,44415.0,26649.0,30739.333333333332,1.334674358585092,True
2017-05-01,2017-05,2017,5,31,Kary Hendrixson,42493.0,42493.0,42493.0,0.0,65.42105263157895,0.5789473684210527,817.1730769230769,0.5789473684210527,58579.333333333336,29289.666666666668,44415.0,0.9567263311944163,False
2017-06-01,2017-06,2017,6,31,Kary Hendrixson,37393.0,37393.0,37393.0,0.0,72.0,0.8095238095238095,1133.121212121212,0.8095238095238095,40304.333333333336,35521.833333333336,58579.333333333336,0.6383309244443433,False
2017-07-01,2017-07,2017,7,31,Kary Hendrixson,32065.0,32065.0,32065.0,0.0,6.67741935483871,0.5161290322580645,782.0731707317074,0.5161290322580645,37317.0,40866.0,40304.333333333336,0.7955720228594113,False
2017-08-01,2017-08,2017,8,31,Kary Hendrixson,41760.0,41760.0,41760.0,0.0,63.743589743589745,0.5384615384615384,870.0,0.5384615384615384,37072.666666666664,47826.0,37317.0,1.1190610177667015,True
2017-09-01,2017-09,2017,9,31,Kary Hendrixson,37799.0,37799.0,37799.0,0.0,84.4074074074074,0.6296296296296297,1219.3225806451612,0.6296296296296297,37208.0,38756.166666666664,37072.666666666664,1.01959215234944,True
2017-10-01,2017-10,2017,10,31,Kary Hendrixson,25408.0,25408.0,25408.0,0.0,6.3478260869565215,0.5652173913043478,876.1379310344828,0.5652173913043478,34989.0,36153.0,37208.0,0.6828639002365082,False
2017-11-01,2017-11,2017,11,31,Kary Hendrixson,60065.0,60065.0,60065.0,0.0,55.5531914893617,0.574468085106383,1177.7450980392157,0.574468085106383,41090.666666666664,39081.666666666664,34989.0,1.7166823858927092,True
2017-12-01,2017-12,2017,12,31,Kary Hendrixson,44070.0,44070.0,44070.0,0.0,54.875,0.75,1296.1764705882354,0.75,43181.0,40194.5,41090.666666666664,1.0725063274709585,True
2016-11-01,2016-11,2016,11,32,Kami Bicknell,0.0,0.0,0.0,0.0,,,0.0,,0.0,0.0,22604.0,0.0,False
2016-12-01,2016-12,2016,12,32,Kami Bicknell,0.0,0.0,0.0,0.0,,,0.0,,0.0,0.0,0.0,,True
2017-01-01,2017-01,2017,1,32,Kami Bicknell,0.0,0.0,0.0,0.0,,,0.0,,0.0,0.0,0.0,,True
2017-02-01,2017-02,2017,2,32,Kami Bicknell,0.0,0.0,0.0,0.0,,,0.0,,0.0,0.0,0.0,,True
2017-03-01,2017-03,2017,3,32,Kami Bicknell,42463.0,42463.0,42463.0,0.0,54.233333333333334,0.8666666666666667,1147.6486486486488,0.8666666666666667,14154.333333333334,8492.6,0.0,,True
2017-04-01,2017-04,2017,4,32,Kami Bicknell,34398.0,34398.0,34398.0,0.0,5.275862068965517,0.6551724137931034,929.6756756756756,0.6551724137931034,25620.333333333332,12810.166666666666,14154.333333333334,2.4302098297341215,True
2017-05-01,2017-05,2017,5,32,Kami Bicknell,40325.0,40325.0,40325.0,0.0,64.96969696969697,0.5151515151515151,983.5365853658536,0.5151515151515151,39062.0,19531.0,25620.333333333332,1.5739451737552206,True
2017-06-01,2017-06,2017,6,32,Kami Bicknell,32291.0,32291.0,32291.0,0.0,71.70833333333333,0.7083333333333334,1041.6451612903227,0.7083333333333334,35671.333333333336,24912.833333333332,39062.0,0.82666018125032,False
2017-07-01,2017-07,2017,7,32,Kami Bicknell,8446.0,8446.0,8446.0,0.0,4.166666666666667,0.3888888888888889,324.84615384615387,0.3888888888888889,27020.666666666668,26320.5,35671.333333333336,0.23677275870446857,False
2017-08-01,2017-08,2017,8,32,Kami Bicknell,16166.0,16166.0,16166.0,0.0,56.96774193548387,0.41935483870967744,384.9047619047619,0.41935483870967744,18967.666666666668,29014.833333333332,27020.666666666668,0.5982827958846315,False
2017-09-01,2017-09,2017,9,32,Kami Bicknell,52790.0,52790.0,52790.0,0.0,60.892857142857146,0.8571428571428571,1508.2857142857142,0.8571428571428571,25800.666666666668,30736.0,18967.666666666668,2.7831573027784122,True
2017-10-01,2017-10,2017,10,32,Kami Bicknell,13674.0,13674.0,13674.0,0.0,4.733333333333333,0.6,621.5454545454545,0.6,27543.333333333332,27282.0,25800.666666666668,0.5299863052634298,False
2017-11-01,2017-11,2017,11,32,Kami Bicknell,52196.0,52196.0,52196.0,0.0,58.16216216216216,0.5405405405405406,1338.3589743589744,0.5405405405405406,39553.333333333336,29260.5,27543.333333333332,1.8950502238896285,True
2017-12-01,2017-12,2017,12,32,Kami Bicknell,23707.0,23707.0,23707.0,0.0,56.55555555555556,0.8148148148148148,846.6785714285714,0.8148148148148148,29859.0,27829.833333333332,39553.333333333336,0.5993679420192145,False
